source_frame,pts_ticks,time_base,time_seconds_rational
0,0,1/15360,0/60
1,256,1/15360,1/60
2,512,1/15360,2/60
3,768,1/15360,3/60
4,1024,1/15360,4/60
5,1280,1/15360,5/60
6,1536,1/15360,6/60
7,1792,1/15360,7/60
8,2048,1/15360,8/60
9,2304,1/15360,9/60
10,2560,1/15360,10/60
11,2816,1/15360,11/60
12,3072,1/15360,12/60
13,3328,1/15360,13/60
14,3584,1/15360,14/60
15,3840,1/15360,15/60
16,4096,1/15360,16/60
17,4352,1/15360,17/60
18,4608,1/15360,18/60
19,4864,1/15360,19/60
20,5120,1/15360,20/60
21,5376,1/15360,21/60
22,5632,1/15360,22/60
23,5888,1/15360,23/60
24,6144,1/15360,24/60
25,6400,1/15360,25/60
26,6656,1/15360,26/60
27,6912,1/15360,27/60
28,7168,1/15360,28/60
29,7424,1/15360,29/60
30,7680,1/15360,30/60
31,7936,1/15360,31/60
32,8192,1/15360,32/60
33,8448,1/15360,33/60
34,8704,1/15360,34/60
35,8960,1/15360,35/60
36,9216,1/15360,36/60
37,9472,1/15360,37/60
38,9728,1/15360,38/60
39,9984,1/15360,39/60
40,10240,1/15360,40/60
41,10496,1/15360,41/60
42,10752,1/15360,42/60
43,11008,1/15360,43/60
44,11264,1/15360,44/60
45,11520,1/15360,45/60
46,11776,1/15360,46/60
47,12032,1/15360,47/60
48,12288,1/15360,48/60
49,12544,1/15360,49/60
50,12800,1/15360,50/60
51,13056,1/15360,51/60
52,13312,1/15360,52/60
53,13568,1/15360,53/60
54,13824,1/15360,54/60
55,14080,1/15360,55/60
56,14336,1/15360,56/60
57,14592,1/15360,57/60
58,14848,1/15360,58/60
59,15104,1/15360,59/60
60,15360,1/15360,60/60
61,15616,1/15360,61/60
62,15872,1/15360,62/60
63,16128,1/15360,63/60
64,16384,1/15360,64/60
65,16640,1/15360,65/60
66,16896,1/15360,66/60
67,17152,1/15360,67/60
68,17408,1/15360,68/60
69,17664,1/15360,69/60
70,17920,1/15360,70/60
71,18176,1/15360,71/60
72,18432,1/15360,72/60
73,18688,1/15360,73/60
74,18944,1/15360,74/60
75,19200,1/15360,75/60
76,19456,1/15360,76/60
77,19712,1/15360,77/60
78,19968,1/15360,78/60
79,20224,1/15360,79/60
80,20480,1/15360,80/60
81,20736,1/15360,81/60
82,20992,1/15360,82/60
83,21248,1/15360,83/60
84,21504,1/15360,84/60
85,21760,1/15360,85/60
86,22016,1/15360,86/60
87,22272,1/15360,87/60
88,22528,1/15360,88/60
89,22784,1/15360,89/60
90,23040,1/15360,90/60
91,23296,1/15360,91/60
92,23552,1/15360,92/60
93,23808,1/15360,93/60
94,24064,1/15360,94/60
95,24320,1/15360,95/60
96,24576,1/15360,96/60
97,24832,1/15360,97/60
98,25088,1/15360,98/60
99,25344,1/15360,99/60
100,25600,1/15360,100/60
101,25856,1/15360,101/60
102,26112,1/15360,102/60
103,26368,1/15360,103/60
104,26624,1/15360,104/60
105,26880,1/15360,105/60
106,27136,1/15360,106/60
107,27392,1/15360,107/60
108,27648,1/15360,108/60
109,27904,1/15360,109/60
110,28160,1/15360,110/60
111,28416,1/15360,111/60
112,28672,1/15360,112/60
113,28928,1/15360,113/60
114,29184,1/15360,114/60
115,29440,1/15360,115/60
116,29696,1/15360,116/60
117,29952,1/15360,117/60
118,30208,1/15360,118/60
119,30464,1/15360,119/60
120,30720,1/15360,120/60
121,30976,1/15360,121/60
122,31232,1/15360,122/60
123,31488,1/15360,123/60
124,31744,1/15360,124/60
125,32000,1/15360,125/60
126,32256,1/15360,126/60
127,32512,1/15360,127/60
128,32768,1/15360,128/60
129,33024,1/15360,129/60
130,33280,1/15360,130/60
131,33536,1/15360,131/60
132,33792,1/15360,132/60
133,34048,1/15360,133/60
134,34304,1/15360,134/60
135,34560,1/15360,135/60
136,34816,1/15360,136/60
137,35072,1/15360,137/60
138,35328,1/15360,138/60
139,35584,1/15360,139/60
140,35840,1/15360,140/60
141,36096,1/15360,141/60
142,36352,1/15360,142/60
143,36608,1/15360,143/60
144,36864,1/15360,144/60
145,37120,1/15360,145/60
146,37376,1/15360,146/60
147,37632,1/15360,147/60
148,37888,1/15360,148/60
149,38144,1/15360,149/60
150,38400,1/15360,150/60
151,38656,1/15360,151/60
152,38912,1/15360,152/60
153,39168,1/15360,153/60
154,39424,1/15360,154/60
155,39680,1/15360,155/60
156,39936,1/15360,156/60
157,40192,1/15360,157/60
158,40448,1/15360,158/60
159,40704,1/15360,159/60
160,40960,1/15360,160/60
161,41216,1/15360,161/60
162,41472,1/15360,162/60
163,41728,1/15360,163/60
164,41984,1/15360,164/60
165,42240,1/15360,165/60
166,42496,1/15360,166/60
167,42752,1/15360,167/60
168,43008,1/15360,168/60
169,43264,1/15360,169/60
170,43520,1/15360,170/60
171,43776,1/15360,171/60
172,44032,1/15360,172/60
173,44288,1/15360,173/60
174,44544,1/15360,174/60
175,44800,1/15360,175/60
176,45056,1/15360,176/60
177,45312,1/15360,177/60
178,45568,1/15360,178/60
179,45824,1/15360,179/60
180,46080,1/15360,180/60
181,46336,1/15360,181/60
182,46592,1/15360,182/60
183,46848,1/15360,183/60
184,47104,1/15360,184/60
185,47360,1/15360,185/60
186,47616,1/15360,186/60
187,47872,1/15360,187/60
188,48128,1/15360,188/60
189,48384,1/15360,189/60
190,48640,1/15360,190/60
191,48896,1/15360,191/60
192,49152,1/15360,192/60
193,49408,1/15360,193/60
194,49664,1/15360,194/60
195,49920,1/15360,195/60
196,50176,1/15360,196/60
197,50432,1/15360,197/60
198,50688,1/15360,198/60
199,50944,1/15360,199/60
200,51200,1/15360,200/60
201,51456,1/15360,201/60
202,51712,1/15360,202/60
203,51968,1/15360,203/60
204,52224,1/15360,204/60
205,52480,1/15360,205/60
206,52736,1/15360,206/60
207,52992,1/15360,207/60
208,53248,1/15360,208/60
209,53504,1/15360,209/60
210,53760,1/15360,210/60
211,54016,1/15360,211/60
212,54272,1/15360,212/60
213,54528,1/15360,213/60
214,54784,1/15360,214/60
215,55040,1/15360,215/60
216,55296,1/15360,216/60
217,55552,1/15360,217/60
218,55808,1/15360,218/60
219,56064,1/15360,219/60
220,56320,1/15360,220/60
221,56576,1/15360,221/60
222,56832,1/15360,222/60
223,57088,1/15360,223/60
224,57344,1/15360,224/60
225,57600,1/15360,225/60
226,57856,1/15360,226/60
227,58112,1/15360,227/60
228,58368,1/15360,228/60
229,58624,1/15360,229/60
230,58880,1/15360,230/60
231,59136,1/15360,231/60
232,59392,1/15360,232/60
233,59648,1/15360,233/60
234,59904,1/15360,234/60
235,60160,1/15360,235/60
236,60416,1/15360,236/60
237,60672,1/15360,237/60
238,60928,1/15360,238/60
239,61184,1/15360,239/60
240,61440,1/15360,240/60
241,61696,1/15360,241/60
242,61952,1/15360,242/60
243,62208,1/15360,243/60
244,62464,1/15360,244/60
245,62720,1/15360,245/60
246,62976,1/15360,246/60
247,63232,1/15360,247/60
248,63488,1/15360,248/60
249,63744,1/15360,249/60
250,64000,1/15360,250/60
251,64256,1/15360,251/60
252,64512,1/15360,252/60
253,64768,1/15360,253/60
254,65024,1/15360,254/60
255,65280,1/15360,255/60
256,65536,1/15360,256/60
257,65792,1/15360,257/60
258,66048,1/15360,258/60
259,66304,1/15360,259/60
260,66560,1/15360,260/60
261,66816,1/15360,261/60
262,67072,1/15360,262/60
263,67328,1/15360,263/60
264,67584,1/15360,264/60
265,67840,1/15360,265/60
266,68096,1/15360,266/60
267,68352,1/15360,267/60
268,68608,1/15360,268/60
269,68864,1/15360,269/60
270,69120,1/15360,270/60
271,69376,1/15360,271/60
272,69632,1/15360,272/60
273,69888,1/15360,273/60
274,70144,1/15360,274/60
275,70400,1/15360,275/60
276,70656,1/15360,276/60
277,70912,1/15360,277/60
278,71168,1/15360,278/60
279,71424,1/15360,279/60
280,71680,1/15360,280/60
281,71936,1/15360,281/60
282,72192,1/15360,282/60
283,72448,1/15360,283/60
284,72704,1/15360,284/60
285,72960,1/15360,285/60
286,73216,1/15360,286/60
287,73472,1/15360,287/60
288,73728,1/15360,288/60
289,73984,1/15360,289/60
290,74240,1/15360,290/60
291,74496,1/15360,291/60
292,74752,1/15360,292/60
293,75008,1/15360,293/60
294,75264,1/15360,294/60
295,75520,1/15360,295/60
296,75776,1/15360,296/60
297,76032,1/15360,297/60
298,76288,1/15360,298/60
299,76544,1/15360,299/60
300,76800,1/15360,300/60
301,77056,1/15360,301/60
302,77312,1/15360,302/60
303,77568,1/15360,303/60
304,77824,1/15360,304/60
305,78080,1/15360,305/60
306,78336,1/15360,306/60
307,78592,1/15360,307/60
308,78848,1/15360,308/60
309,79104,1/15360,309/60
310,79360,1/15360,310/60
311,79616,1/15360,311/60
312,79872,1/15360,312/60
313,80128,1/15360,313/60
314,80384,1/15360,314/60
315,80640,1/15360,315/60
316,80896,1/15360,316/60
317,81152,1/15360,317/60
318,81408,1/15360,318/60
319,81664,1/15360,319/60
320,81920,1/15360,320/60
321,82176,1/15360,321/60
322,82432,1/15360,322/60
323,82688,1/15360,323/60
324,82944,1/15360,324/60
325,83200,1/15360,325/60
326,83456,1/15360,326/60
327,83712,1/15360,327/60
328,83968,1/15360,328/60
329,84224,1/15360,329/60
330,84480,1/15360,330/60
331,84736,1/15360,331/60
332,84992,1/15360,332/60
333,85248,1/15360,333/60
334,85504,1/15360,334/60
335,85760,1/15360,335/60
336,86016,1/15360,336/60
337,86272,1/15360,337/60
338,86528,1/15360,338/60
339,86784,1/15360,339/60
340,87040,1/15360,340/60
341,87296,1/15360,341/60
342,87552,1/15360,342/60
343,87808,1/15360,343/60
344,88064,1/15360,344/60
345,88320,1/15360,345/60
346,88576,1/15360,346/60
347,88832,1/15360,347/60
348,89088,1/15360,348/60
349,89344,1/15360,349/60
350,89600,1/15360,350/60
351,89856,1/15360,351/60
352,90112,1/15360,352/60
353,90368,1/15360,353/60
354,90624,1/15360,354/60
355,90880,1/15360,355/60
356,91136,1/15360,356/60
357,91392,1/15360,357/60
358,91648,1/15360,358/60
359,91904,1/15360,359/60
360,92160,1/15360,360/60
361,92416,1/15360,361/60
362,92672,1/15360,362/60
363,92928,1/15360,363/60
364,93184,1/15360,364/60
365,93440,1/15360,365/60
366,93696,1/15360,366/60
367,93952,1/15360,367/60
368,94208,1/15360,368/60
369,94464,1/15360,369/60
370,94720,1/15360,370/60
371,94976,1/15360,371/60
372,95232,1/15360,372/60
373,95488,1/15360,373/60
374,95744,1/15360,374/60
375,96000,1/15360,375/60
376,96256,1/15360,376/60
377,96512,1/15360,377/60
378,96768,1/15360,378/60
379,97024,1/15360,379/60
380,97280,1/15360,380/60
381,97536,1/15360,381/60
382,97792,1/15360,382/60
383,98048,1/15360,383/60
384,98304,1/15360,384/60
385,98560,1/15360,385/60
386,98816,1/15360,386/60
387,99072,1/15360,387/60
388,99328,1/15360,388/60
389,99584,1/15360,389/60
390,99840,1/15360,390/60
391,100096,1/15360,391/60
392,100352,1/15360,392/60
393,100608,1/15360,393/60
394,100864,1/15360,394/60
395,101120,1/15360,395/60
396,101376,1/15360,396/60
397,101632,1/15360,397/60
398,101888,1/15360,398/60
399,102144,1/15360,399/60
400,102400,1/15360,400/60
401,102656,1/15360,401/60
402,102912,1/15360,402/60
403,103168,1/15360,403/60
404,103424,1/15360,404/60
405,103680,1/15360,405/60
406,103936,1/15360,406/60
407,104192,1/15360,407/60
408,104448,1/15360,408/60
409,104704,1/15360,409/60
410,104960,1/15360,410/60
411,105216,1/15360,411/60
412,105472,1/15360,412/60
413,105728,1/15360,413/60
414,105984,1/15360,414/60
415,106240,1/15360,415/60
416,106496,1/15360,416/60
417,106752,1/15360,417/60
418,107008,1/15360,418/60
419,107264,1/15360,419/60
420,107520,1/15360,420/60
421,107776,1/15360,421/60
422,108032,1/15360,422/60
423,108288,1/15360,423/60
424,108544,1/15360,424/60
425,108800,1/15360,425/60
426,109056,1/15360,426/60
427,109312,1/15360,427/60
428,109568,1/15360,428/60
429,109824,1/15360,429/60
430,110080,1/15360,430/60
431,110336,1/15360,431/60
432,110592,1/15360,432/60
433,110848,1/15360,433/60
434,111104,1/15360,434/60
435,111360,1/15360,435/60
436,111616,1/15360,436/60
437,111872,1/15360,437/60
438,112128,1/15360,438/60
439,112384,1/15360,439/60
440,112640,1/15360,440/60
441,112896,1/15360,441/60
442,113152,1/15360,442/60
443,113408,1/15360,443/60
444,113664,1/15360,444/60
445,113920,1/15360,445/60
446,114176,1/15360,446/60
447,114432,1/15360,447/60
448,114688,1/15360,448/60
449,114944,1/15360,449/60
450,115200,1/15360,450/60
451,115456,1/15360,451/60
452,115712,1/15360,452/60
453,115968,1/15360,453/60
454,116224,1/15360,454/60
455,116480,1/15360,455/60
456,116736,1/15360,456/60
457,116992,1/15360,457/60
458,117248,1/15360,458/60
459,117504,1/15360,459/60
460,117760,1/15360,460/60
461,118016,1/15360,461/60
462,118272,1/15360,462/60
463,118528,1/15360,463/60
464,118784,1/15360,464/60
465,119040,1/15360,465/60
466,119296,1/15360,466/60
467,119552,1/15360,467/60
468,119808,1/15360,468/60
469,120064,1/15360,469/60
470,120320,1/15360,470/60
471,120576,1/15360,471/60
472,120832,1/15360,472/60
473,121088,1/15360,473/60
474,121344,1/15360,474/60
475,121600,1/15360,475/60
476,121856,1/15360,476/60
477,122112,1/15360,477/60
478,122368,1/15360,478/60
479,122624,1/15360,479/60
480,122880,1/15360,480/60
481,123136,1/15360,481/60
482,123392,1/15360,482/60
483,123648,1/15360,483/60
484,123904,1/15360,484/60
485,124160,1/15360,485/60
486,124416,1/15360,486/60
487,124672,1/15360,487/60
488,124928,1/15360,488/60
489,125184,1/15360,489/60
490,125440,1/15360,490/60
491,125696,1/15360,491/60
492,125952,1/15360,492/60
493,126208,1/15360,493/60
494,126464,1/15360,494/60
495,126720,1/15360,495/60
496,126976,1/15360,496/60
497,127232,1/15360,497/60
498,127488,1/15360,498/60
499,127744,1/15360,499/60
500,128000,1/15360,500/60
501,128256,1/15360,501/60
502,128512,1/15360,502/60
503,128768,1/15360,503/60
504,129024,1/15360,504/60
505,129280,1/15360,505/60
506,129536,1/15360,506/60
507,129792,1/15360,507/60
508,130048,1/15360,508/60
509,130304,1/15360,509/60
510,130560,1/15360,510/60
511,130816,1/15360,511/60
512,131072,1/15360,512/60
513,131328,1/15360,513/60
514,131584,1/15360,514/60
515,131840,1/15360,515/60
516,132096,1/15360,516/60
517,132352,1/15360,517/60
518,132608,1/15360,518/60
519,132864,1/15360,519/60
520,133120,1/15360,520/60
521,133376,1/15360,521/60
522,133632,1/15360,522/60
523,133888,1/15360,523/60
524,134144,1/15360,524/60
525,134400,1/15360,525/60
526,134656,1/15360,526/60
527,134912,1/15360,527/60
528,135168,1/15360,528/60
529,135424,1/15360,529/60
530,135680,1/15360,530/60
531,135936,1/15360,531/60
532,136192,1/15360,532/60
533,136448,1/15360,533/60
534,136704,1/15360,534/60
535,136960,1/15360,535/60
536,137216,1/15360,536/60
537,137472,1/15360,537/60
538,137728,1/15360,538/60
539,137984,1/15360,539/60
540,138240,1/15360,540/60
541,138496,1/15360,541/60
542,138752,1/15360,542/60
543,139008,1/15360,543/60
544,139264,1/15360,544/60
545,139520,1/15360,545/60
546,139776,1/15360,546/60
547,140032,1/15360,547/60
548,140288,1/15360,548/60
549,140544,1/15360,549/60
550,140800,1/15360,550/60
551,141056,1/15360,551/60
552,141312,1/15360,552/60
553,141568,1/15360,553/60
554,141824,1/15360,554/60
555,142080,1/15360,555/60
556,142336,1/15360,556/60
557,142592,1/15360,557/60
558,142848,1/15360,558/60
559,143104,1/15360,559/60
560,143360,1/15360,560/60
561,143616,1/15360,561/60
562,143872,1/15360,562/60
563,144128,1/15360,563/60
564,144384,1/15360,564/60
565,144640,1/15360,565/60
566,144896,1/15360,566/60
567,145152,1/15360,567/60
568,145408,1/15360,568/60
569,145664,1/15360,569/60
570,145920,1/15360,570/60
571,146176,1/15360,571/60
572,146432,1/15360,572/60
573,146688,1/15360,573/60
574,146944,1/15360,574/60
575,147200,1/15360,575/60
576,147456,1/15360,576/60
577,147712,1/15360,577/60
578,147968,1/15360,578/60
579,148224,1/15360,579/60
580,148480,1/15360,580/60
581,148736,1/15360,581/60
582,148992,1/15360,582/60
583,149248,1/15360,583/60
584,149504,1/15360,584/60
585,149760,1/15360,585/60
586,150016,1/15360,586/60
587,150272,1/15360,587/60
588,150528,1/15360,588/60
589,150784,1/15360,589/60
590,151040,1/15360,590/60
591,151296,1/15360,591/60
592,151552,1/15360,592/60
593,151808,1/15360,593/60
594,152064,1/15360,594/60
595,152320,1/15360,595/60
596,152576,1/15360,596/60
597,152832,1/15360,597/60
598,153088,1/15360,598/60
599,153344,1/15360,599/60
600,153600,1/15360,600/60
601,153856,1/15360,601/60
602,154112,1/15360,602/60
603,154368,1/15360,603/60
604,154624,1/15360,604/60
605,154880,1/15360,605/60
606,155136,1/15360,606/60
607,155392,1/15360,607/60
608,155648,1/15360,608/60
609,155904,1/15360,609/60
610,156160,1/15360,610/60
611,156416,1/15360,611/60
612,156672,1/15360,612/60
613,156928,1/15360,613/60
614,157184,1/15360,614/60
615,157440,1/15360,615/60
616,157696,1/15360,616/60
617,157952,1/15360,617/60
618,158208,1/15360,618/60
619,158464,1/15360,619/60
620,158720,1/15360,620/60
621,158976,1/15360,621/60
622,159232,1/15360,622/60
623,159488,1/15360,623/60
624,159744,1/15360,624/60
625,160000,1/15360,625/60
626,160256,1/15360,626/60
627,160512,1/15360,627/60
628,160768,1/15360,628/60
629,161024,1/15360,629/60
630,161280,1/15360,630/60
631,161536,1/15360,631/60
632,161792,1/15360,632/60
633,162048,1/15360,633/60
634,162304,1/15360,634/60
635,162560,1/15360,635/60
636,162816,1/15360,636/60
637,163072,1/15360,637/60
638,163328,1/15360,638/60
639,163584,1/15360,639/60
640,163840,1/15360,640/60
641,164096,1/15360,641/60
642,164352,1/15360,642/60
643,164608,1/15360,643/60
644,164864,1/15360,644/60
645,165120,1/15360,645/60
646,165376,1/15360,646/60
647,165632,1/15360,647/60
648,165888,1/15360,648/60
649,166144,1/15360,649/60
650,166400,1/15360,650/60
651,166656,1/15360,651/60
652,166912,1/15360,652/60
653,167168,1/15360,653/60
654,167424,1/15360,654/60
655,167680,1/15360,655/60
656,167936,1/15360,656/60
657,168192,1/15360,657/60
658,168448,1/15360,658/60
659,168704,1/15360,659/60
660,168960,1/15360,660/60
661,169216,1/15360,661/60
662,169472,1/15360,662/60
663,169728,1/15360,663/60
664,169984,1/15360,664/60
665,170240,1/15360,665/60
666,170496,1/15360,666/60
667,170752,1/15360,667/60
668,171008,1/15360,668/60
669,171264,1/15360,669/60
670,171520,1/15360,670/60
671,171776,1/15360,671/60
672,172032,1/15360,672/60
673,172288,1/15360,673/60
674,172544,1/15360,674/60
675,172800,1/15360,675/60
676,173056,1/15360,676/60
677,173312,1/15360,677/60
678,173568,1/15360,678/60
679,173824,1/15360,679/60
680,174080,1/15360,680/60
681,174336,1/15360,681/60
682,174592,1/15360,682/60
683,174848,1/15360,683/60
684,175104,1/15360,684/60
685,175360,1/15360,685/60
686,175616,1/15360,686/60
687,175872,1/15360,687/60
688,176128,1/15360,688/60
689,176384,1/15360,689/60
690,176640,1/15360,690/60
691,176896,1/15360,691/60
692,177152,1/15360,692/60
693,177408,1/15360,693/60
694,177664,1/15360,694/60
695,177920,1/15360,695/60
696,178176,1/15360,696/60
697,178432,1/15360,697/60
698,178688,1/15360,698/60
699,178944,1/15360,699/60
700,179200,1/15360,700/60
701,179456,1/15360,701/60
702,179712,1/15360,702/60
703,179968,1/15360,703/60
704,180224,1/15360,704/60
705,180480,1/15360,705/60
706,180736,1/15360,706/60
707,180992,1/15360,707/60
708,181248,1/15360,708/60
709,181504,1/15360,709/60
710,181760,1/15360,710/60
711,182016,1/15360,711/60
712,182272,1/15360,712/60
713,182528,1/15360,713/60
714,182784,1/15360,714/60
715,183040,1/15360,715/60
716,183296,1/15360,716/60
717,183552,1/15360,717/60
718,183808,1/15360,718/60
719,184064,1/15360,719/60
720,184320,1/15360,720/60
721,184576,1/15360,721/60
722,184832,1/15360,722/60
723,185088,1/15360,723/60
724,185344,1/15360,724/60
725,185600,1/15360,725/60
726,185856,1/15360,726/60
727,186112,1/15360,727/60
728,186368,1/15360,728/60
729,186624,1/15360,729/60
730,186880,1/15360,730/60
731,187136,1/15360,731/60
732,187392,1/15360,732/60
733,187648,1/15360,733/60
734,187904,1/15360,734/60
735,188160,1/15360,735/60
736,188416,1/15360,736/60
737,188672,1/15360,737/60
738,188928,1/15360,738/60
739,189184,1/15360,739/60
740,189440,1/15360,740/60
741,189696,1/15360,741/60
742,189952,1/15360,742/60
743,190208,1/15360,743/60
744,190464,1/15360,744/60
745,190720,1/15360,745/60
746,190976,1/15360,746/60
747,191232,1/15360,747/60
748,191488,1/15360,748/60
749,191744,1/15360,749/60
750,192000,1/15360,750/60
751,192256,1/15360,751/60
752,192512,1/15360,752/60
753,192768,1/15360,753/60
754,193024,1/15360,754/60
755,193280,1/15360,755/60
756,193536,1/15360,756/60
757,193792,1/15360,757/60
758,194048,1/15360,758/60
759,194304,1/15360,759/60
760,194560,1/15360,760/60
761,194816,1/15360,761/60
762,195072,1/15360,762/60
763,195328,1/15360,763/60
764,195584,1/15360,764/60
765,195840,1/15360,765/60
766,196096,1/15360,766/60
767,196352,1/15360,767/60
768,196608,1/15360,768/60
769,196864,1/15360,769/60
770,197120,1/15360,770/60
771,197376,1/15360,771/60
772,197632,1/15360,772/60
773,197888,1/15360,773/60
774,198144,1/15360,774/60
775,198400,1/15360,775/60
776,198656,1/15360,776/60
777,198912,1/15360,777/60
778,199168,1/15360,778/60
779,199424,1/15360,779/60
780,199680,1/15360,780/60
781,199936,1/15360,781/60
782,200192,1/15360,782/60
783,200448,1/15360,783/60
784,200704,1/15360,784/60
785,200960,1/15360,785/60
786,201216,1/15360,786/60
787,201472,1/15360,787/60
788,201728,1/15360,788/60
789,201984,1/15360,789/60
790,202240,1/15360,790/60
791,202496,1/15360,791/60
792,202752,1/15360,792/60
793,203008,1/15360,793/60
794,203264,1/15360,794/60
795,203520,1/15360,795/60
796,203776,1/15360,796/60
797,204032,1/15360,797/60
798,204288,1/15360,798/60
799,204544,1/15360,799/60
800,204800,1/15360,800/60
801,205056,1/15360,801/60
802,205312,1/15360,802/60
803,205568,1/15360,803/60
804,205824,1/15360,804/60
805,206080,1/15360,805/60
806,206336,1/15360,806/60
807,206592,1/15360,807/60
808,206848,1/15360,808/60
809,207104,1/15360,809/60
810,207360,1/15360,810/60
811,207616,1/15360,811/60
812,207872,1/15360,812/60
813,208128,1/15360,813/60
814,208384,1/15360,814/60
815,208640,1/15360,815/60
816,208896,1/15360,816/60
817,209152,1/15360,817/60
818,209408,1/15360,818/60
819,209664,1/15360,819/60
820,209920,1/15360,820/60
821,210176,1/15360,821/60
822,210432,1/15360,822/60
823,210688,1/15360,823/60
824,210944,1/15360,824/60
825,211200,1/15360,825/60
826,211456,1/15360,826/60
827,211712,1/15360,827/60
828,211968,1/15360,828/60
829,212224,1/15360,829/60
830,212480,1/15360,830/60
831,212736,1/15360,831/60
832,212992,1/15360,832/60
833,213248,1/15360,833/60
834,213504,1/15360,834/60
835,213760,1/15360,835/60
836,214016,1/15360,836/60
837,214272,1/15360,837/60
838,214528,1/15360,838/60
839,214784,1/15360,839/60
840,215040,1/15360,840/60
841,215296,1/15360,841/60
842,215552,1/15360,842/60
843,215808,1/15360,843/60
844,216064,1/15360,844/60
845,216320,1/15360,845/60
846,216576,1/15360,846/60
847,216832,1/15360,847/60
848,217088,1/15360,848/60
849,217344,1/15360,849/60
850,217600,1/15360,850/60
851,217856,1/15360,851/60
852,218112,1/15360,852/60
853,218368,1/15360,853/60
854,218624,1/15360,854/60
855,218880,1/15360,855/60
856,219136,1/15360,856/60
857,219392,1/15360,857/60
858,219648,1/15360,858/60
859,219904,1/15360,859/60
860,220160,1/15360,860/60
861,220416,1/15360,861/60
862,220672,1/15360,862/60
863,220928,1/15360,863/60
864,221184,1/15360,864/60
865,221440,1/15360,865/60
866,221696,1/15360,866/60
867,221952,1/15360,867/60
868,222208,1/15360,868/60
869,222464,1/15360,869/60
870,222720,1/15360,870/60
871,222976,1/15360,871/60
872,223232,1/15360,872/60
873,223488,1/15360,873/60
874,223744,1/15360,874/60
875,224000,1/15360,875/60
876,224256,1/15360,876/60
877,224512,1/15360,877/60
878,224768,1/15360,878/60
879,225024,1/15360,879/60
880,225280,1/15360,880/60
881,225536,1/15360,881/60
882,225792,1/15360,882/60
883,226048,1/15360,883/60
884,226304,1/15360,884/60
885,226560,1/15360,885/60
886,226816,1/15360,886/60
887,227072,1/15360,887/60
888,227328,1/15360,888/60
889,227584,1/15360,889/60
890,227840,1/15360,890/60
891,228096,1/15360,891/60
892,228352,1/15360,892/60
893,228608,1/15360,893/60
894,228864,1/15360,894/60
895,229120,1/15360,895/60
896,229376,1/15360,896/60
897,229632,1/15360,897/60
898,229888,1/15360,898/60
899,230144,1/15360,899/60
900,230400,1/15360,900/60
901,230656,1/15360,901/60
902,230912,1/15360,902/60
903,231168,1/15360,903/60
904,231424,1/15360,904/60
905,231680,1/15360,905/60
906,231936,1/15360,906/60
907,232192,1/15360,907/60
908,232448,1/15360,908/60
909,232704,1/15360,909/60
910,232960,1/15360,910/60
911,233216,1/15360,911/60
912,233472,1/15360,912/60
913,233728,1/15360,913/60
914,233984,1/15360,914/60
915,234240,1/15360,915/60
916,234496,1/15360,916/60
917,234752,1/15360,917/60
918,235008,1/15360,918/60
919,235264,1/15360,919/60
920,235520,1/15360,920/60
921,235776,1/15360,921/60
922,236032,1/15360,922/60
923,236288,1/15360,923/60
924,236544,1/15360,924/60
925,236800,1/15360,925/60
926,237056,1/15360,926/60
927,237312,1/15360,927/60
928,237568,1/15360,928/60
929,237824,1/15360,929/60
930,238080,1/15360,930/60
931,238336,1/15360,931/60
932,238592,1/15360,932/60
933,238848,1/15360,933/60
934,239104,1/15360,934/60
935,239360,1/15360,935/60
936,239616,1/15360,936/60
937,239872,1/15360,937/60
938,240128,1/15360,938/60
939,240384,1/15360,939/60
940,240640,1/15360,940/60
941,240896,1/15360,941/60
942,241152,1/15360,942/60
943,241408,1/15360,943/60
944,241664,1/15360,944/60
945,241920,1/15360,945/60
946,242176,1/15360,946/60
947,242432,1/15360,947/60
948,242688,1/15360,948/60
949,242944,1/15360,949/60
950,243200,1/15360,950/60
951,243456,1/15360,951/60
952,243712,1/15360,952/60
953,243968,1/15360,953/60
954,244224,1/15360,954/60
955,244480,1/15360,955/60
956,244736,1/15360,956/60
957,244992,1/15360,957/60
958,245248,1/15360,958/60
959,245504,1/15360,959/60
960,245760,1/15360,960/60
961,246016,1/15360,961/60
962,246272,1/15360,962/60
963,246528,1/15360,963/60
964,246784,1/15360,964/60
965,247040,1/15360,965/60
966,247296,1/15360,966/60
967,247552,1/15360,967/60
968,247808,1/15360,968/60
969,248064,1/15360,969/60
970,248320,1/15360,970/60
971,248576,1/15360,971/60
972,248832,1/15360,972/60
973,249088,1/15360,973/60
974,249344,1/15360,974/60
975,249600,1/15360,975/60
976,249856,1/15360,976/60
977,250112,1/15360,977/60
978,250368,1/15360,978/60
979,250624,1/15360,979/60
980,250880,1/15360,980/60
981,251136,1/15360,981/60
982,251392,1/15360,982/60
983,251648,1/15360,983/60
984,251904,1/15360,984/60
985,252160,1/15360,985/60
986,252416,1/15360,986/60
987,252672,1/15360,987/60
988,252928,1/15360,988/60
989,253184,1/15360,989/60
990,253440,1/15360,990/60
991,253696,1/15360,991/60
992,253952,1/15360,992/60
993,254208,1/15360,993/60
994,254464,1/15360,994/60
995,254720,1/15360,995/60
996,254976,1/15360,996/60
997,255232,1/15360,997/60
998,255488,1/15360,998/60
999,255744,1/15360,999/60
1000,256000,1/15360,1000/60
1001,256256,1/15360,1001/60
1002,256512,1/15360,1002/60
1003,256768,1/15360,1003/60
1004,257024,1/15360,1004/60
1005,257280,1/15360,1005/60
1006,257536,1/15360,1006/60
1007,257792,1/15360,1007/60
1008,258048,1/15360,1008/60
1009,258304,1/15360,1009/60
1010,258560,1/15360,1010/60
1011,258816,1/15360,1011/60
1012,259072,1/15360,1012/60
1013,259328,1/15360,1013/60
1014,259584,1/15360,1014/60
1015,259840,1/15360,1015/60
1016,260096,1/15360,1016/60
1017,260352,1/15360,1017/60
1018,260608,1/15360,1018/60
1019,260864,1/15360,1019/60
1020,261120,1/15360,1020/60
1021,261376,1/15360,1021/60
1022,261632,1/15360,1022/60
1023,261888,1/15360,1023/60
1024,262144,1/15360,1024/60
1025,262400,1/15360,1025/60
1026,262656,1/15360,1026/60
1027,262912,1/15360,1027/60
1028,263168,1/15360,1028/60
1029,263424,1/15360,1029/60
1030,263680,1/15360,1030/60
1031,263936,1/15360,1031/60
1032,264192,1/15360,1032/60
1033,264448,1/15360,1033/60
1034,264704,1/15360,1034/60
1035,264960,1/15360,1035/60
1036,265216,1/15360,1036/60
1037,265472,1/15360,1037/60
1038,265728,1/15360,1038/60
1039,265984,1/15360,1039/60
1040,266240,1/15360,1040/60
1041,266496,1/15360,1041/60
1042,266752,1/15360,1042/60
1043,267008,1/15360,1043/60
1044,267264,1/15360,1044/60
1045,267520,1/15360,1045/60
1046,267776,1/15360,1046/60
1047,268032,1/15360,1047/60
1048,268288,1/15360,1048/60
1049,268544,1/15360,1049/60
1050,268800,1/15360,1050/60
1051,269056,1/15360,1051/60
1052,269312,1/15360,1052/60
1053,269568,1/15360,1053/60
1054,269824,1/15360,1054/60
1055,270080,1/15360,1055/60
1056,270336,1/15360,1056/60
1057,270592,1/15360,1057/60
1058,270848,1/15360,1058/60
1059,271104,1/15360,1059/60
1060,271360,1/15360,1060/60
1061,271616,1/15360,1061/60
1062,271872,1/15360,1062/60
1063,272128,1/15360,1063/60
1064,272384,1/15360,1064/60
1065,272640,1/15360,1065/60
1066,272896,1/15360,1066/60
1067,273152,1/15360,1067/60
1068,273408,1/15360,1068/60
1069,273664,1/15360,1069/60
1070,273920,1/15360,1070/60
1071,274176,1/15360,1071/60
1072,274432,1/15360,1072/60
1073,274688,1/15360,1073/60
1074,274944,1/15360,1074/60
1075,275200,1/15360,1075/60
1076,275456,1/15360,1076/60
1077,275712,1/15360,1077/60
1078,275968,1/15360,1078/60
1079,276224,1/15360,1079/60
1080,276480,1/15360,1080/60
1081,276736,1/15360,1081/60
1082,276992,1/15360,1082/60
1083,277248,1/15360,1083/60
1084,277504,1/15360,1084/60
1085,277760,1/15360,1085/60
1086,278016,1/15360,1086/60
1087,278272,1/15360,1087/60
1088,278528,1/15360,1088/60
1089,278784,1/15360,1089/60
1090,279040,1/15360,1090/60
1091,279296,1/15360,1091/60
1092,279552,1/15360,1092/60
1093,279808,1/15360,1093/60
1094,280064,1/15360,1094/60
1095,280320,1/15360,1095/60
1096,280576,1/15360,1096/60
1097,280832,1/15360,1097/60
1098,281088,1/15360,1098/60
1099,281344,1/15360,1099/60
1100,281600,1/15360,1100/60
1101,281856,1/15360,1101/60
1102,282112,1/15360,1102/60
1103,282368,1/15360,1103/60
1104,282624,1/15360,1104/60
1105,282880,1/15360,1105/60
1106,283136,1/15360,1106/60
1107,283392,1/15360,1107/60
1108,283648,1/15360,1108/60
1109,283904,1/15360,1109/60
1110,284160,1/15360,1110/60
1111,284416,1/15360,1111/60
1112,284672,1/15360,1112/60
1113,284928,1/15360,1113/60
1114,285184,1/15360,1114/60
1115,285440,1/15360,1115/60
1116,285696,1/15360,1116/60
1117,285952,1/15360,1117/60
1118,286208,1/15360,1118/60
1119,286464,1/15360,1119/60
1120,286720,1/15360,1120/60
1121,286976,1/15360,1121/60
1122,287232,1/15360,1122/60
1123,287488,1/15360,1123/60
1124,287744,1/15360,1124/60
1125,288000,1/15360,1125/60
1126,288256,1/15360,1126/60
1127,288512,1/15360,1127/60
1128,288768,1/15360,1128/60
1129,289024,1/15360,1129/60
1130,289280,1/15360,1130/60
1131,289536,1/15360,1131/60
1132,289792,1/15360,1132/60
1133,290048,1/15360,1133/60
1134,290304,1/15360,1134/60
1135,290560,1/15360,1135/60
1136,290816,1/15360,1136/60
1137,291072,1/15360,1137/60
1138,291328,1/15360,1138/60
1139,291584,1/15360,1139/60
1140,291840,1/15360,1140/60
1141,292096,1/15360,1141/60
1142,292352,1/15360,1142/60
1143,292608,1/15360,1143/60
1144,292864,1/15360,1144/60
1145,293120,1/15360,1145/60
1146,293376,1/15360,1146/60
1147,293632,1/15360,1147/60
1148,293888,1/15360,1148/60
1149,294144,1/15360,1149/60
1150,294400,1/15360,1150/60
1151,294656,1/15360,1151/60
1152,294912,1/15360,1152/60
1153,295168,1/15360,1153/60
1154,295424,1/15360,1154/60
1155,295680,1/15360,1155/60
1156,295936,1/15360,1156/60
1157,296192,1/15360,1157/60
1158,296448,1/15360,1158/60
1159,296704,1/15360,1159/60
1160,296960,1/15360,1160/60
1161,297216,1/15360,1161/60
1162,297472,1/15360,1162/60
1163,297728,1/15360,1163/60
1164,297984,1/15360,1164/60
1165,298240,1/15360,1165/60
1166,298496,1/15360,1166/60
1167,298752,1/15360,1167/60
1168,299008,1/15360,1168/60
1169,299264,1/15360,1169/60
1170,299520,1/15360,1170/60
1171,299776,1/15360,1171/60
1172,300032,1/15360,1172/60
1173,300288,1/15360,1173/60
1174,300544,1/15360,1174/60
1175,300800,1/15360,1175/60
1176,301056,1/15360,1176/60
1177,301312,1/15360,1177/60
1178,301568,1/15360,1178/60
1179,301824,1/15360,1179/60
1180,302080,1/15360,1180/60
1181,302336,1/15360,1181/60
1182,302592,1/15360,1182/60
1183,302848,1/15360,1183/60
1184,303104,1/15360,1184/60
1185,303360,1/15360,1185/60
1186,303616,1/15360,1186/60
1187,303872,1/15360,1187/60
1188,304128,1/15360,1188/60
1189,304384,1/15360,1189/60
1190,304640,1/15360,1190/60
1191,304896,1/15360,1191/60
1192,305152,1/15360,1192/60
1193,305408,1/15360,1193/60
1194,305664,1/15360,1194/60
1195,305920,1/15360,1195/60
1196,306176,1/15360,1196/60
1197,306432,1/15360,1197/60
1198,306688,1/15360,1198/60
1199,306944,1/15360,1199/60
1200,307200,1/15360,1200/60
1201,307456,1/15360,1201/60
1202,307712,1/15360,1202/60
1203,307968,1/15360,1203/60
1204,308224,1/15360,1204/60
1205,308480,1/15360,1205/60
1206,308736,1/15360,1206/60
1207,308992,1/15360,1207/60
1208,309248,1/15360,1208/60
1209,309504,1/15360,1209/60
1210,309760,1/15360,1210/60
1211,310016,1/15360,1211/60
1212,310272,1/15360,1212/60
1213,310528,1/15360,1213/60
1214,310784,1/15360,1214/60
1215,311040,1/15360,1215/60
1216,311296,1/15360,1216/60
1217,311552,1/15360,1217/60
1218,311808,1/15360,1218/60
1219,312064,1/15360,1219/60
1220,312320,1/15360,1220/60
1221,312576,1/15360,1221/60
1222,312832,1/15360,1222/60
1223,313088,1/15360,1223/60
1224,313344,1/15360,1224/60
1225,313600,1/15360,1225/60
1226,313856,1/15360,1226/60
1227,314112,1/15360,1227/60
1228,314368,1/15360,1228/60
1229,314624,1/15360,1229/60
1230,314880,1/15360,1230/60
1231,315136,1/15360,1231/60
1232,315392,1/15360,1232/60
1233,315648,1/15360,1233/60
1234,315904,1/15360,1234/60
1235,316160,1/15360,1235/60
1236,316416,1/15360,1236/60
1237,316672,1/15360,1237/60
1238,316928,1/15360,1238/60
1239,317184,1/15360,1239/60
1240,317440,1/15360,1240/60
1241,317696,1/15360,1241/60
1242,317952,1/15360,1242/60
1243,318208,1/15360,1243/60
1244,318464,1/15360,1244/60
1245,318720,1/15360,1245/60
1246,318976,1/15360,1246/60
1247,319232,1/15360,1247/60
1248,319488,1/15360,1248/60
1249,319744,1/15360,1249/60
1250,320000,1/15360,1250/60
1251,320256,1/15360,1251/60
1252,320512,1/15360,1252/60
1253,320768,1/15360,1253/60
1254,321024,1/15360,1254/60
1255,321280,1/15360,1255/60
1256,321536,1/15360,1256/60
1257,321792,1/15360,1257/60
1258,322048,1/15360,1258/60
1259,322304,1/15360,1259/60
1260,322560,1/15360,1260/60
1261,322816,1/15360,1261/60
1262,323072,1/15360,1262/60
1263,323328,1/15360,1263/60
1264,323584,1/15360,1264/60
1265,323840,1/15360,1265/60
1266,324096,1/15360,1266/60
1267,324352,1/15360,1267/60
1268,324608,1/15360,1268/60
1269,324864,1/15360,1269/60
1270,325120,1/15360,1270/60
1271,325376,1/15360,1271/60
1272,325632,1/15360,1272/60
1273,325888,1/15360,1273/60
1274,326144,1/15360,1274/60
1275,326400,1/15360,1275/60
1276,326656,1/15360,1276/60
1277,326912,1/15360,1277/60
1278,327168,1/15360,1278/60
1279,327424,1/15360,1279/60
1280,327680,1/15360,1280/60
1281,327936,1/15360,1281/60
1282,328192,1/15360,1282/60
1283,328448,1/15360,1283/60
1284,328704,1/15360,1284/60
1285,328960,1/15360,1285/60
1286,329216,1/15360,1286/60
1287,329472,1/15360,1287/60
1288,329728,1/15360,1288/60
1289,329984,1/15360,1289/60
1290,330240,1/15360,1290/60
1291,330496,1/15360,1291/60
1292,330752,1/15360,1292/60
1293,331008,1/15360,1293/60
1294,331264,1/15360,1294/60
1295,331520,1/15360,1295/60
1296,331776,1/15360,1296/60
1297,332032,1/15360,1297/60
1298,332288,1/15360,1298/60
1299,332544,1/15360,1299/60
1300,332800,1/15360,1300/60
1301,333056,1/15360,1301/60
1302,333312,1/15360,1302/60
1303,333568,1/15360,1303/60
1304,333824,1/15360,1304/60
1305,334080,1/15360,1305/60
1306,334336,1/15360,1306/60
1307,334592,1/15360,1307/60
1308,334848,1/15360,1308/60
1309,335104,1/15360,1309/60
1310,335360,1/15360,1310/60
1311,335616,1/15360,1311/60
1312,335872,1/15360,1312/60
1313,336128,1/15360,1313/60
1314,336384,1/15360,1314/60
1315,336640,1/15360,1315/60
1316,336896,1/15360,1316/60
1317,337152,1/15360,1317/60
1318,337408,1/15360,1318/60
1319,337664,1/15360,1319/60
1320,337920,1/15360,1320/60
1321,338176,1/15360,1321/60
1322,338432,1/15360,1322/60
1323,338688,1/15360,1323/60
1324,338944,1/15360,1324/60
1325,339200,1/15360,1325/60
1326,339456,1/15360,1326/60
1327,339712,1/15360,1327/60
1328,339968,1/15360,1328/60
1329,340224,1/15360,1329/60
1330,340480,1/15360,1330/60
1331,340736,1/15360,1331/60
1332,340992,1/15360,1332/60
1333,341248,1/15360,1333/60
1334,341504,1/15360,1334/60
1335,341760,1/15360,1335/60
1336,342016,1/15360,1336/60
1337,342272,1/15360,1337/60
1338,342528,1/15360,1338/60
1339,342784,1/15360,1339/60
1340,343040,1/15360,1340/60
1341,343296,1/15360,1341/60
1342,343552,1/15360,1342/60
1343,343808,1/15360,1343/60
1344,344064,1/15360,1344/60
1345,344320,1/15360,1345/60
1346,344576,1/15360,1346/60
1347,344832,1/15360,1347/60
1348,345088,1/15360,1348/60
1349,345344,1/15360,1349/60
1350,345600,1/15360,1350/60
1351,345856,1/15360,1351/60
1352,346112,1/15360,1352/60
1353,346368,1/15360,1353/60
1354,346624,1/15360,1354/60
1355,346880,1/15360,1355/60
1356,347136,1/15360,1356/60
1357,347392,1/15360,1357/60
1358,347648,1/15360,1358/60
1359,347904,1/15360,1359/60
1360,348160,1/15360,1360/60
1361,348416,1/15360,1361/60
1362,348672,1/15360,1362/60
1363,348928,1/15360,1363/60
1364,349184,1/15360,1364/60
1365,349440,1/15360,1365/60
1366,349696,1/15360,1366/60
1367,349952,1/15360,1367/60
1368,350208,1/15360,1368/60
1369,350464,1/15360,1369/60
1370,350720,1/15360,1370/60
1371,350976,1/15360,1371/60
1372,351232,1/15360,1372/60
1373,351488,1/15360,1373/60
1374,351744,1/15360,1374/60
1375,352000,1/15360,1375/60
1376,352256,1/15360,1376/60
1377,352512,1/15360,1377/60
1378,352768,1/15360,1378/60
1379,353024,1/15360,1379/60
1380,353280,1/15360,1380/60
1381,353536,1/15360,1381/60
1382,353792,1/15360,1382/60
1383,354048,1/15360,1383/60
1384,354304,1/15360,1384/60
1385,354560,1/15360,1385/60
1386,354816,1/15360,1386/60
1387,355072,1/15360,1387/60
1388,355328,1/15360,1388/60
1389,355584,1/15360,1389/60
1390,355840,1/15360,1390/60
1391,356096,1/15360,1391/60
1392,356352,1/15360,1392/60
1393,356608,1/15360,1393/60
1394,356864,1/15360,1394/60
1395,357120,1/15360,1395/60
1396,357376,1/15360,1396/60
1397,357632,1/15360,1397/60
1398,357888,1/15360,1398/60
1399,358144,1/15360,1399/60
1400,358400,1/15360,1400/60
1401,358656,1/15360,1401/60
1402,358912,1/15360,1402/60
1403,359168,1/15360,1403/60
1404,359424,1/15360,1404/60
1405,359680,1/15360,1405/60
1406,359936,1/15360,1406/60
1407,360192,1/15360,1407/60
1408,360448,1/15360,1408/60
1409,360704,1/15360,1409/60
1410,360960,1/15360,1410/60
1411,361216,1/15360,1411/60
1412,361472,1/15360,1412/60
1413,361728,1/15360,1413/60
1414,361984,1/15360,1414/60
1415,362240,1/15360,1415/60
1416,362496,1/15360,1416/60
1417,362752,1/15360,1417/60
1418,363008,1/15360,1418/60
1419,363264,1/15360,1419/60
1420,363520,1/15360,1420/60
1421,363776,1/15360,1421/60
1422,364032,1/15360,1422/60
1423,364288,1/15360,1423/60
1424,364544,1/15360,1424/60
1425,364800,1/15360,1425/60
1426,365056,1/15360,1426/60
1427,365312,1/15360,1427/60
1428,365568,1/15360,1428/60
1429,365824,1/15360,1429/60
1430,366080,1/15360,1430/60
1431,366336,1/15360,1431/60
1432,366592,1/15360,1432/60
1433,366848,1/15360,1433/60
1434,367104,1/15360,1434/60
1435,367360,1/15360,1435/60
1436,367616,1/15360,1436/60
1437,367872,1/15360,1437/60
1438,368128,1/15360,1438/60
1439,368384,1/15360,1439/60
1440,368640,1/15360,1440/60
1441,368896,1/15360,1441/60
1442,369152,1/15360,1442/60
1443,369408,1/15360,1443/60
1444,369664,1/15360,1444/60
1445,369920,1/15360,1445/60
1446,370176,1/15360,1446/60
1447,370432,1/15360,1447/60
1448,370688,1/15360,1448/60
1449,370944,1/15360,1449/60
1450,371200,1/15360,1450/60
1451,371456,1/15360,1451/60
1452,371712,1/15360,1452/60
1453,371968,1/15360,1453/60
1454,372224,1/15360,1454/60
1455,372480,1/15360,1455/60
1456,372736,1/15360,1456/60
1457,372992,1/15360,1457/60
1458,373248,1/15360,1458/60
1459,373504,1/15360,1459/60
1460,373760,1/15360,1460/60
1461,374016,1/15360,1461/60
1462,374272,1/15360,1462/60
1463,374528,1/15360,1463/60
1464,374784,1/15360,1464/60
1465,375040,1/15360,1465/60
1466,375296,1/15360,1466/60
1467,375552,1/15360,1467/60
1468,375808,1/15360,1468/60
1469,376064,1/15360,1469/60
1470,376320,1/15360,1470/60
1471,376576,1/15360,1471/60
1472,376832,1/15360,1472/60
1473,377088,1/15360,1473/60
1474,377344,1/15360,1474/60
1475,377600,1/15360,1475/60
1476,377856,1/15360,1476/60
1477,378112,1/15360,1477/60
1478,378368,1/15360,1478/60
1479,378624,1/15360,1479/60
1480,378880,1/15360,1480/60
1481,379136,1/15360,1481/60
1482,379392,1/15360,1482/60
1483,379648,1/15360,1483/60
1484,379904,1/15360,1484/60
1485,380160,1/15360,1485/60
1486,380416,1/15360,1486/60
1487,380672,1/15360,1487/60
1488,380928,1/15360,1488/60
1489,381184,1/15360,1489/60
1490,381440,1/15360,1490/60
1491,381696,1/15360,1491/60
1492,381952,1/15360,1492/60
1493,382208,1/15360,1493/60
1494,382464,1/15360,1494/60
1495,382720,1/15360,1495/60
1496,382976,1/15360,1496/60
1497,383232,1/15360,1497/60
1498,383488,1/15360,1498/60
1499,383744,1/15360,1499/60
1500,384000,1/15360,1500/60
1501,384256,1/15360,1501/60
1502,384512,1/15360,1502/60
1503,384768,1/15360,1503/60
1504,385024,1/15360,1504/60
1505,385280,1/15360,1505/60
1506,385536,1/15360,1506/60
1507,385792,1/15360,1507/60
1508,386048,1/15360,1508/60
1509,386304,1/15360,1509/60
1510,386560,1/15360,1510/60
1511,386816,1/15360,1511/60
1512,387072,1/15360,1512/60
1513,387328,1/15360,1513/60
1514,387584,1/15360,1514/60
1515,387840,1/15360,1515/60
1516,388096,1/15360,1516/60
1517,388352,1/15360,1517/60
1518,388608,1/15360,1518/60
1519,388864,1/15360,1519/60
1520,389120,1/15360,1520/60
1521,389376,1/15360,1521/60
1522,389632,1/15360,1522/60
1523,389888,1/15360,1523/60
1524,390144,1/15360,1524/60
1525,390400,1/15360,1525/60
1526,390656,1/15360,1526/60
1527,390912,1/15360,1527/60
1528,391168,1/15360,1528/60
1529,391424,1/15360,1529/60
1530,391680,1/15360,1530/60
1531,391936,1/15360,1531/60
1532,392192,1/15360,1532/60
1533,392448,1/15360,1533/60
1534,392704,1/15360,1534/60
1535,392960,1/15360,1535/60
1536,393216,1/15360,1536/60
1537,393472,1/15360,1537/60
1538,393728,1/15360,1538/60
1539,393984,1/15360,1539/60
1540,394240,1/15360,1540/60
1541,394496,1/15360,1541/60
1542,394752,1/15360,1542/60
1543,395008,1/15360,1543/60
1544,395264,1/15360,1544/60
1545,395520,1/15360,1545/60
1546,395776,1/15360,1546/60
1547,396032,1/15360,1547/60
1548,396288,1/15360,1548/60
1549,396544,1/15360,1549/60
1550,396800,1/15360,1550/60
1551,397056,1/15360,1551/60
1552,397312,1/15360,1552/60
1553,397568,1/15360,1553/60
1554,397824,1/15360,1554/60
1555,398080,1/15360,1555/60
1556,398336,1/15360,1556/60
1557,398592,1/15360,1557/60
1558,398848,1/15360,1558/60
1559,399104,1/15360,1559/60
1560,399360,1/15360,1560/60
1561,399616,1/15360,1561/60
1562,399872,1/15360,1562/60
1563,400128,1/15360,1563/60
1564,400384,1/15360,1564/60
1565,400640,1/15360,1565/60
1566,400896,1/15360,1566/60
1567,401152,1/15360,1567/60
1568,401408,1/15360,1568/60
1569,401664,1/15360,1569/60
1570,401920,1/15360,1570/60
1571,402176,1/15360,1571/60
1572,402432,1/15360,1572/60
1573,402688,1/15360,1573/60
1574,402944,1/15360,1574/60
1575,403200,1/15360,1575/60
1576,403456,1/15360,1576/60
1577,403712,1/15360,1577/60
1578,403968,1/15360,1578/60
1579,404224,1/15360,1579/60
1580,404480,1/15360,1580/60
1581,404736,1/15360,1581/60
1582,404992,1/15360,1582/60
1583,405248,1/15360,1583/60
1584,405504,1/15360,1584/60
1585,405760,1/15360,1585/60
1586,406016,1/15360,1586/60
1587,406272,1/15360,1587/60
1588,406528,1/15360,1588/60
1589,406784,1/15360,1589/60
1590,407040,1/15360,1590/60
1591,407296,1/15360,1591/60
1592,407552,1/15360,1592/60
1593,407808,1/15360,1593/60
1594,408064,1/15360,1594/60
1595,408320,1/15360,1595/60
1596,408576,1/15360,1596/60
1597,408832,1/15360,1597/60
1598,409088,1/15360,1598/60
1599,409344,1/15360,1599/60
1600,409600,1/15360,1600/60
1601,409856,1/15360,1601/60
1602,410112,1/15360,1602/60
1603,410368,1/15360,1603/60
1604,410624,1/15360,1604/60
1605,410880,1/15360,1605/60
1606,411136,1/15360,1606/60
1607,411392,1/15360,1607/60
1608,411648,1/15360,1608/60
1609,411904,1/15360,1609/60
1610,412160,1/15360,1610/60
1611,412416,1/15360,1611/60
1612,412672,1/15360,1612/60
1613,412928,1/15360,1613/60
1614,413184,1/15360,1614/60
1615,413440,1/15360,1615/60
1616,413696,1/15360,1616/60
1617,413952,1/15360,1617/60
1618,414208,1/15360,1618/60
1619,414464,1/15360,1619/60
1620,414720,1/15360,1620/60
1621,414976,1/15360,1621/60
1622,415232,1/15360,1622/60
1623,415488,1/15360,1623/60
1624,415744,1/15360,1624/60
1625,416000,1/15360,1625/60
1626,416256,1/15360,1626/60
1627,416512,1/15360,1627/60
1628,416768,1/15360,1628/60
1629,417024,1/15360,1629/60
1630,417280,1/15360,1630/60
1631,417536,1/15360,1631/60
1632,417792,1/15360,1632/60
1633,418048,1/15360,1633/60
1634,418304,1/15360,1634/60
1635,418560,1/15360,1635/60
1636,418816,1/15360,1636/60
1637,419072,1/15360,1637/60
1638,419328,1/15360,1638/60
1639,419584,1/15360,1639/60
1640,419840,1/15360,1640/60
1641,420096,1/15360,1641/60
1642,420352,1/15360,1642/60
1643,420608,1/15360,1643/60
1644,420864,1/15360,1644/60
1645,421120,1/15360,1645/60
1646,421376,1/15360,1646/60
1647,421632,1/15360,1647/60
1648,421888,1/15360,1648/60
1649,422144,1/15360,1649/60
1650,422400,1/15360,1650/60
1651,422656,1/15360,1651/60
1652,422912,1/15360,1652/60
1653,423168,1/15360,1653/60
1654,423424,1/15360,1654/60
1655,423680,1/15360,1655/60
1656,423936,1/15360,1656/60
1657,424192,1/15360,1657/60
1658,424448,1/15360,1658/60
1659,424704,1/15360,1659/60
1660,424960,1/15360,1660/60
1661,425216,1/15360,1661/60
1662,425472,1/15360,1662/60
1663,425728,1/15360,1663/60
1664,425984,1/15360,1664/60
1665,426240,1/15360,1665/60
1666,426496,1/15360,1666/60
1667,426752,1/15360,1667/60
1668,427008,1/15360,1668/60
1669,427264,1/15360,1669/60
1670,427520,1/15360,1670/60
1671,427776,1/15360,1671/60
1672,428032,1/15360,1672/60
1673,428288,1/15360,1673/60
1674,428544,1/15360,1674/60
1675,428800,1/15360,1675/60
1676,429056,1/15360,1676/60
1677,429312,1/15360,1677/60
1678,429568,1/15360,1678/60
1679,429824,1/15360,1679/60
1680,430080,1/15360,1680/60
1681,430336,1/15360,1681/60
1682,430592,1/15360,1682/60
1683,430848,1/15360,1683/60
1684,431104,1/15360,1684/60
1685,431360,1/15360,1685/60
1686,431616,1/15360,1686/60
1687,431872,1/15360,1687/60
1688,432128,1/15360,1688/60
1689,432384,1/15360,1689/60
1690,432640,1/15360,1690/60
1691,432896,1/15360,1691/60
1692,433152,1/15360,1692/60
1693,433408,1/15360,1693/60
1694,433664,1/15360,1694/60
1695,433920,1/15360,1695/60
1696,434176,1/15360,1696/60
1697,434432,1/15360,1697/60
1698,434688,1/15360,1698/60
1699,434944,1/15360,1699/60
1700,435200,1/15360,1700/60
1701,435456,1/15360,1701/60
1702,435712,1/15360,1702/60
1703,435968,1/15360,1703/60
1704,436224,1/15360,1704/60
1705,436480,1/15360,1705/60
1706,436736,1/15360,1706/60
1707,436992,1/15360,1707/60
1708,437248,1/15360,1708/60
1709,437504,1/15360,1709/60
1710,437760,1/15360,1710/60
1711,438016,1/15360,1711/60
1712,438272,1/15360,1712/60
1713,438528,1/15360,1713/60
1714,438784,1/15360,1714/60
1715,439040,1/15360,1715/60
1716,439296,1/15360,1716/60
1717,439552,1/15360,1717/60
1718,439808,1/15360,1718/60
1719,440064,1/15360,1719/60
1720,440320,1/15360,1720/60
1721,440576,1/15360,1721/60
1722,440832,1/15360,1722/60
1723,441088,1/15360,1723/60
1724,441344,1/15360,1724/60
1725,441600,1/15360,1725/60
1726,441856,1/15360,1726/60
1727,442112,1/15360,1727/60
1728,442368,1/15360,1728/60
1729,442624,1/15360,1729/60
1730,442880,1/15360,1730/60
1731,443136,1/15360,1731/60
1732,443392,1/15360,1732/60
1733,443648,1/15360,1733/60
1734,443904,1/15360,1734/60
1735,444160,1/15360,1735/60
1736,444416,1/15360,1736/60
1737,444672,1/15360,1737/60
1738,444928,1/15360,1738/60
1739,445184,1/15360,1739/60
1740,445440,1/15360,1740/60
1741,445696,1/15360,1741/60
1742,445952,1/15360,1742/60
1743,446208,1/15360,1743/60
1744,446464,1/15360,1744/60
1745,446720,1/15360,1745/60
1746,446976,1/15360,1746/60
1747,447232,1/15360,1747/60
1748,447488,1/15360,1748/60
1749,447744,1/15360,1749/60
1750,448000,1/15360,1750/60
1751,448256,1/15360,1751/60
1752,448512,1/15360,1752/60
1753,448768,1/15360,1753/60
1754,449024,1/15360,1754/60
1755,449280,1/15360,1755/60
1756,449536,1/15360,1756/60
1757,449792,1/15360,1757/60
1758,450048,1/15360,1758/60
1759,450304,1/15360,1759/60
1760,450560,1/15360,1760/60
1761,450816,1/15360,1761/60
1762,451072,1/15360,1762/60
1763,451328,1/15360,1763/60
1764,451584,1/15360,1764/60
1765,451840,1/15360,1765/60
1766,452096,1/15360,1766/60
1767,452352,1/15360,1767/60
1768,452608,1/15360,1768/60
1769,452864,1/15360,1769/60
1770,453120,1/15360,1770/60
1771,453376,1/15360,1771/60
1772,453632,1/15360,1772/60
1773,453888,1/15360,1773/60
1774,454144,1/15360,1774/60
1775,454400,1/15360,1775/60
1776,454656,1/15360,1776/60
1777,454912,1/15360,1777/60
1778,455168,1/15360,1778/60
1779,455424,1/15360,1779/60
1780,455680,1/15360,1780/60
1781,455936,1/15360,1781/60
1782,456192,1/15360,1782/60
1783,456448,1/15360,1783/60
1784,456704,1/15360,1784/60
1785,456960,1/15360,1785/60
1786,457216,1/15360,1786/60
1787,457472,1/15360,1787/60
1788,457728,1/15360,1788/60
1789,457984,1/15360,1789/60
1790,458240,1/15360,1790/60
1791,458496,1/15360,1791/60
1792,458752,1/15360,1792/60
1793,459008,1/15360,1793/60
1794,459264,1/15360,1794/60
1795,459520,1/15360,1795/60
1796,459776,1/15360,1796/60
1797,460032,1/15360,1797/60
1798,460288,1/15360,1798/60
1799,460544,1/15360,1799/60
1800,460800,1/15360,1800/60
1801,461056,1/15360,1801/60
1802,461312,1/15360,1802/60
1803,461568,1/15360,1803/60
1804,461824,1/15360,1804/60
1805,462080,1/15360,1805/60
1806,462336,1/15360,1806/60
1807,462592,1/15360,1807/60
1808,462848,1/15360,1808/60
1809,463104,1/15360,1809/60
1810,463360,1/15360,1810/60
1811,463616,1/15360,1811/60
1812,463872,1/15360,1812/60
1813,464128,1/15360,1813/60
1814,464384,1/15360,1814/60
1815,464640,1/15360,1815/60
1816,464896,1/15360,1816/60
1817,465152,1/15360,1817/60
1818,465408,1/15360,1818/60
1819,465664,1/15360,1819/60
1820,465920,1/15360,1820/60
1821,466176,1/15360,1821/60
1822,466432,1/15360,1822/60
1823,466688,1/15360,1823/60
1824,466944,1/15360,1824/60
1825,467200,1/15360,1825/60
1826,467456,1/15360,1826/60
1827,467712,1/15360,1827/60
1828,467968,1/15360,1828/60
1829,468224,1/15360,1829/60
1830,468480,1/15360,1830/60
1831,468736,1/15360,1831/60
1832,468992,1/15360,1832/60
1833,469248,1/15360,1833/60
1834,469504,1/15360,1834/60
1835,469760,1/15360,1835/60
1836,470016,1/15360,1836/60
1837,470272,1/15360,1837/60
1838,470528,1/15360,1838/60
1839,470784,1/15360,1839/60
1840,471040,1/15360,1840/60
1841,471296,1/15360,1841/60
1842,471552,1/15360,1842/60
1843,471808,1/15360,1843/60
1844,472064,1/15360,1844/60
1845,472320,1/15360,1845/60
1846,472576,1/15360,1846/60
1847,472832,1/15360,1847/60
1848,473088,1/15360,1848/60
1849,473344,1/15360,1849/60
1850,473600,1/15360,1850/60
1851,473856,1/15360,1851/60
1852,474112,1/15360,1852/60
1853,474368,1/15360,1853/60
1854,474624,1/15360,1854/60
1855,474880,1/15360,1855/60
1856,475136,1/15360,1856/60
1857,475392,1/15360,1857/60
1858,475648,1/15360,1858/60
1859,475904,1/15360,1859/60
1860,476160,1/15360,1860/60
1861,476416,1/15360,1861/60
1862,476672,1/15360,1862/60
1863,476928,1/15360,1863/60
1864,477184,1/15360,1864/60
1865,477440,1/15360,1865/60
1866,477696,1/15360,1866/60
1867,477952,1/15360,1867/60
1868,478208,1/15360,1868/60
1869,478464,1/15360,1869/60
1870,478720,1/15360,1870/60
1871,478976,1/15360,1871/60
1872,479232,1/15360,1872/60
1873,479488,1/15360,1873/60
1874,479744,1/15360,1874/60
1875,480000,1/15360,1875/60
1876,480256,1/15360,1876/60
1877,480512,1/15360,1877/60
1878,480768,1/15360,1878/60
1879,481024,1/15360,1879/60
1880,481280,1/15360,1880/60
1881,481536,1/15360,1881/60
1882,481792,1/15360,1882/60
1883,482048,1/15360,1883/60
1884,482304,1/15360,1884/60
1885,482560,1/15360,1885/60
1886,482816,1/15360,1886/60
1887,483072,1/15360,1887/60
1888,483328,1/15360,1888/60
1889,483584,1/15360,1889/60
1890,483840,1/15360,1890/60
1891,484096,1/15360,1891/60
1892,484352,1/15360,1892/60
1893,484608,1/15360,1893/60
1894,484864,1/15360,1894/60
1895,485120,1/15360,1895/60
1896,485376,1/15360,1896/60
1897,485632,1/15360,1897/60
1898,485888,1/15360,1898/60
1899,486144,1/15360,1899/60
1900,486400,1/15360,1900/60
1901,486656,1/15360,1901/60
1902,486912,1/15360,1902/60
1903,487168,1/15360,1903/60
1904,487424,1/15360,1904/60
1905,487680,1/15360,1905/60
1906,487936,1/15360,1906/60
1907,488192,1/15360,1907/60
1908,488448,1/15360,1908/60
1909,488704,1/15360,1909/60
1910,488960,1/15360,1910/60
1911,489216,1/15360,1911/60
1912,489472,1/15360,1912/60
1913,489728,1/15360,1913/60
1914,489984,1/15360,1914/60
1915,490240,1/15360,1915/60
1916,490496,1/15360,1916/60
1917,490752,1/15360,1917/60
1918,491008,1/15360,1918/60
1919,491264,1/15360,1919/60
1920,491520,1/15360,1920/60
1921,491776,1/15360,1921/60
1922,492032,1/15360,1922/60
1923,492288,1/15360,1923/60
1924,492544,1/15360,1924/60
1925,492800,1/15360,1925/60
1926,493056,1/15360,1926/60
1927,493312,1/15360,1927/60
1928,493568,1/15360,1928/60
1929,493824,1/15360,1929/60
1930,494080,1/15360,1930/60
1931,494336,1/15360,1931/60
1932,494592,1/15360,1932/60
1933,494848,1/15360,1933/60
1934,495104,1/15360,1934/60
1935,495360,1/15360,1935/60
1936,495616,1/15360,1936/60
1937,495872,1/15360,1937/60
1938,496128,1/15360,1938/60
1939,496384,1/15360,1939/60
1940,496640,1/15360,1940/60
1941,496896,1/15360,1941/60
1942,497152,1/15360,1942/60
1943,497408,1/15360,1943/60
1944,497664,1/15360,1944/60
1945,497920,1/15360,1945/60
1946,498176,1/15360,1946/60
1947,498432,1/15360,1947/60
1948,498688,1/15360,1948/60
1949,498944,1/15360,1949/60
1950,499200,1/15360,1950/60
1951,499456,1/15360,1951/60
1952,499712,1/15360,1952/60
1953,499968,1/15360,1953/60
1954,500224,1/15360,1954/60
1955,500480,1/15360,1955/60
1956,500736,1/15360,1956/60
1957,500992,1/15360,1957/60
1958,501248,1/15360,1958/60
1959,501504,1/15360,1959/60
1960,501760,1/15360,1960/60
1961,502016,1/15360,1961/60
1962,502272,1/15360,1962/60
1963,502528,1/15360,1963/60
1964,502784,1/15360,1964/60
1965,503040,1/15360,1965/60
1966,503296,1/15360,1966/60
1967,503552,1/15360,1967/60
1968,503808,1/15360,1968/60
1969,504064,1/15360,1969/60
1970,504320,1/15360,1970/60
1971,504576,1/15360,1971/60
1972,504832,1/15360,1972/60
1973,505088,1/15360,1973/60
1974,505344,1/15360,1974/60
1975,505600,1/15360,1975/60
1976,505856,1/15360,1976/60
1977,506112,1/15360,1977/60
1978,506368,1/15360,1978/60
1979,506624,1/15360,1979/60
1980,506880,1/15360,1980/60
1981,507136,1/15360,1981/60
1982,507392,1/15360,1982/60
1983,507648,1/15360,1983/60
1984,507904,1/15360,1984/60
1985,508160,1/15360,1985/60
1986,508416,1/15360,1986/60
1987,508672,1/15360,1987/60
1988,508928,1/15360,1988/60
1989,509184,1/15360,1989/60
1990,509440,1/15360,1990/60
1991,509696,1/15360,1991/60
1992,509952,1/15360,1992/60
1993,510208,1/15360,1993/60
1994,510464,1/15360,1994/60
1995,510720,1/15360,1995/60
1996,510976,1/15360,1996/60
1997,511232,1/15360,1997/60
1998,511488,1/15360,1998/60
1999,511744,1/15360,1999/60
2000,512000,1/15360,2000/60
2001,512256,1/15360,2001/60
2002,512512,1/15360,2002/60
2003,512768,1/15360,2003/60
2004,513024,1/15360,2004/60
2005,513280,1/15360,2005/60
2006,513536,1/15360,2006/60
2007,513792,1/15360,2007/60
2008,514048,1/15360,2008/60
2009,514304,1/15360,2009/60
2010,514560,1/15360,2010/60
2011,514816,1/15360,2011/60
2012,515072,1/15360,2012/60
2013,515328,1/15360,2013/60
2014,515584,1/15360,2014/60
2015,515840,1/15360,2015/60
2016,516096,1/15360,2016/60
2017,516352,1/15360,2017/60
2018,516608,1/15360,2018/60
2019,516864,1/15360,2019/60
2020,517120,1/15360,2020/60
2021,517376,1/15360,2021/60
2022,517632,1/15360,2022/60
2023,517888,1/15360,2023/60
2024,518144,1/15360,2024/60
2025,518400,1/15360,2025/60
2026,518656,1/15360,2026/60
2027,518912,1/15360,2027/60
2028,519168,1/15360,2028/60
2029,519424,1/15360,2029/60
2030,519680,1/15360,2030/60
2031,519936,1/15360,2031/60
2032,520192,1/15360,2032/60
2033,520448,1/15360,2033/60
2034,520704,1/15360,2034/60
2035,520960,1/15360,2035/60
2036,521216,1/15360,2036/60
2037,521472,1/15360,2037/60
2038,521728,1/15360,2038/60
2039,521984,1/15360,2039/60
2040,522240,1/15360,2040/60
2041,522496,1/15360,2041/60
2042,522752,1/15360,2042/60
2043,523008,1/15360,2043/60
2044,523264,1/15360,2044/60
2045,523520,1/15360,2045/60
2046,523776,1/15360,2046/60
2047,524032,1/15360,2047/60
2048,524288,1/15360,2048/60
2049,524544,1/15360,2049/60
2050,524800,1/15360,2050/60
2051,525056,1/15360,2051/60
2052,525312,1/15360,2052/60
2053,525568,1/15360,2053/60
2054,525824,1/15360,2054/60
2055,526080,1/15360,2055/60
2056,526336,1/15360,2056/60
2057,526592,1/15360,2057/60
2058,526848,1/15360,2058/60
2059,527104,1/15360,2059/60
2060,527360,1/15360,2060/60
2061,527616,1/15360,2061/60
2062,527872,1/15360,2062/60
2063,528128,1/15360,2063/60
2064,528384,1/15360,2064/60
2065,528640,1/15360,2065/60
2066,528896,1/15360,2066/60
2067,529152,1/15360,2067/60
2068,529408,1/15360,2068/60
2069,529664,1/15360,2069/60
2070,529920,1/15360,2070/60
2071,530176,1/15360,2071/60
2072,530432,1/15360,2072/60
2073,530688,1/15360,2073/60
2074,530944,1/15360,2074/60
2075,531200,1/15360,2075/60
2076,531456,1/15360,2076/60
2077,531712,1/15360,2077/60
2078,531968,1/15360,2078/60
2079,532224,1/15360,2079/60
2080,532480,1/15360,2080/60
2081,532736,1/15360,2081/60
2082,532992,1/15360,2082/60
2083,533248,1/15360,2083/60
2084,533504,1/15360,2084/60
2085,533760,1/15360,2085/60
2086,534016,1/15360,2086/60
2087,534272,1/15360,2087/60
2088,534528,1/15360,2088/60
2089,534784,1/15360,2089/60
2090,535040,1/15360,2090/60
2091,535296,1/15360,2091/60
2092,535552,1/15360,2092/60
2093,535808,1/15360,2093/60
2094,536064,1/15360,2094/60
2095,536320,1/15360,2095/60
2096,536576,1/15360,2096/60
2097,536832,1/15360,2097/60
2098,537088,1/15360,2098/60
2099,537344,1/15360,2099/60
2100,537600,1/15360,2100/60
2101,537856,1/15360,2101/60
2102,538112,1/15360,2102/60
2103,538368,1/15360,2103/60
2104,538624,1/15360,2104/60
2105,538880,1/15360,2105/60
2106,539136,1/15360,2106/60
2107,539392,1/15360,2107/60
2108,539648,1/15360,2108/60
2109,539904,1/15360,2109/60
2110,540160,1/15360,2110/60
2111,540416,1/15360,2111/60
2112,540672,1/15360,2112/60
2113,540928,1/15360,2113/60
2114,541184,1/15360,2114/60
2115,541440,1/15360,2115/60
2116,541696,1/15360,2116/60
2117,541952,1/15360,2117/60
2118,542208,1/15360,2118/60
2119,542464,1/15360,2119/60
2120,542720,1/15360,2120/60
2121,542976,1/15360,2121/60
2122,543232,1/15360,2122/60
2123,543488,1/15360,2123/60
2124,543744,1/15360,2124/60
2125,544000,1/15360,2125/60
2126,544256,1/15360,2126/60
2127,544512,1/15360,2127/60
2128,544768,1/15360,2128/60
2129,545024,1/15360,2129/60
2130,545280,1/15360,2130/60
2131,545536,1/15360,2131/60
2132,545792,1/15360,2132/60
2133,546048,1/15360,2133/60
2134,546304,1/15360,2134/60
2135,546560,1/15360,2135/60
2136,546816,1/15360,2136/60
2137,547072,1/15360,2137/60
2138,547328,1/15360,2138/60
2139,547584,1/15360,2139/60
2140,547840,1/15360,2140/60
2141,548096,1/15360,2141/60
2142,548352,1/15360,2142/60
2143,548608,1/15360,2143/60
2144,548864,1/15360,2144/60
2145,549120,1/15360,2145/60
2146,549376,1/15360,2146/60
2147,549632,1/15360,2147/60
2148,549888,1/15360,2148/60
2149,550144,1/15360,2149/60
2150,550400,1/15360,2150/60
2151,550656,1/15360,2151/60
2152,550912,1/15360,2152/60
2153,551168,1/15360,2153/60
2154,551424,1/15360,2154/60
2155,551680,1/15360,2155/60
2156,551936,1/15360,2156/60
2157,552192,1/15360,2157/60
2158,552448,1/15360,2158/60
2159,552704,1/15360,2159/60
2160,552960,1/15360,2160/60
2161,553216,1/15360,2161/60
2162,553472,1/15360,2162/60
2163,553728,1/15360,2163/60
2164,553984,1/15360,2164/60
2165,554240,1/15360,2165/60
2166,554496,1/15360,2166/60
2167,554752,1/15360,2167/60
2168,555008,1/15360,2168/60
2169,555264,1/15360,2169/60
2170,555520,1/15360,2170/60
2171,555776,1/15360,2171/60
2172,556032,1/15360,2172/60
2173,556288,1/15360,2173/60
2174,556544,1/15360,2174/60
2175,556800,1/15360,2175/60
2176,557056,1/15360,2176/60
2177,557312,1/15360,2177/60
2178,557568,1/15360,2178/60
2179,557824,1/15360,2179/60
2180,558080,1/15360,2180/60
2181,558336,1/15360,2181/60
2182,558592,1/15360,2182/60
2183,558848,1/15360,2183/60
2184,559104,1/15360,2184/60
2185,559360,1/15360,2185/60
2186,559616,1/15360,2186/60
2187,559872,1/15360,2187/60
2188,560128,1/15360,2188/60
2189,560384,1/15360,2189/60
2190,560640,1/15360,2190/60
2191,560896,1/15360,2191/60
2192,561152,1/15360,2192/60
2193,561408,1/15360,2193/60
2194,561664,1/15360,2194/60
2195,561920,1/15360,2195/60
2196,562176,1/15360,2196/60
2197,562432,1/15360,2197/60
2198,562688,1/15360,2198/60
2199,562944,1/15360,2199/60
2200,563200,1/15360,2200/60
2201,563456,1/15360,2201/60
2202,563712,1/15360,2202/60
2203,563968,1/15360,2203/60
2204,564224,1/15360,2204/60
2205,564480,1/15360,2205/60
2206,564736,1/15360,2206/60
2207,564992,1/15360,2207/60
2208,565248,1/15360,2208/60
2209,565504,1/15360,2209/60
2210,565760,1/15360,2210/60
2211,566016,1/15360,2211/60
2212,566272,1/15360,2212/60
2213,566528,1/15360,2213/60
2214,566784,1/15360,2214/60
2215,567040,1/15360,2215/60
2216,567296,1/15360,2216/60
2217,567552,1/15360,2217/60
2218,567808,1/15360,2218/60
2219,568064,1/15360,2219/60
2220,568320,1/15360,2220/60
2221,568576,1/15360,2221/60
2222,568832,1/15360,2222/60
2223,569088,1/15360,2223/60
2224,569344,1/15360,2224/60
2225,569600,1/15360,2225/60
2226,569856,1/15360,2226/60
2227,570112,1/15360,2227/60
2228,570368,1/15360,2228/60
2229,570624,1/15360,2229/60
2230,570880,1/15360,2230/60
2231,571136,1/15360,2231/60
2232,571392,1/15360,2232/60
2233,571648,1/15360,2233/60
2234,571904,1/15360,2234/60
2235,572160,1/15360,2235/60
2236,572416,1/15360,2236/60
2237,572672,1/15360,2237/60
2238,572928,1/15360,2238/60
2239,573184,1/15360,2239/60
2240,573440,1/15360,2240/60
2241,573696,1/15360,2241/60
2242,573952,1/15360,2242/60
2243,574208,1/15360,2243/60
2244,574464,1/15360,2244/60
2245,574720,1/15360,2245/60
2246,574976,1/15360,2246/60
2247,575232,1/15360,2247/60
2248,575488,1/15360,2248/60
2249,575744,1/15360,2249/60
2250,576000,1/15360,2250/60
2251,576256,1/15360,2251/60
2252,576512,1/15360,2252/60
2253,576768,1/15360,2253/60
2254,577024,1/15360,2254/60
2255,577280,1/15360,2255/60
2256,577536,1/15360,2256/60
2257,577792,1/15360,2257/60
2258,578048,1/15360,2258/60
2259,578304,1/15360,2259/60
2260,578560,1/15360,2260/60
2261,578816,1/15360,2261/60
2262,579072,1/15360,2262/60
2263,579328,1/15360,2263/60
2264,579584,1/15360,2264/60
2265,579840,1/15360,2265/60
2266,580096,1/15360,2266/60
2267,580352,1/15360,2267/60
2268,580608,1/15360,2268/60
2269,580864,1/15360,2269/60
2270,581120,1/15360,2270/60
2271,581376,1/15360,2271/60
2272,581632,1/15360,2272/60
2273,581888,1/15360,2273/60
2274,582144,1/15360,2274/60
2275,582400,1/15360,2275/60
2276,582656,1/15360,2276/60
2277,582912,1/15360,2277/60
2278,583168,1/15360,2278/60
2279,583424,1/15360,2279/60
2280,583680,1/15360,2280/60
2281,583936,1/15360,2281/60
2282,584192,1/15360,2282/60
2283,584448,1/15360,2283/60
2284,584704,1/15360,2284/60
2285,584960,1/15360,2285/60
2286,585216,1/15360,2286/60
2287,585472,1/15360,2287/60
2288,585728,1/15360,2288/60
2289,585984,1/15360,2289/60
2290,586240,1/15360,2290/60
2291,586496,1/15360,2291/60
2292,586752,1/15360,2292/60
2293,587008,1/15360,2293/60
2294,587264,1/15360,2294/60
2295,587520,1/15360,2295/60
2296,587776,1/15360,2296/60
2297,588032,1/15360,2297/60
2298,588288,1/15360,2298/60
2299,588544,1/15360,2299/60
2300,588800,1/15360,2300/60
2301,589056,1/15360,2301/60
2302,589312,1/15360,2302/60
2303,589568,1/15360,2303/60
2304,589824,1/15360,2304/60
2305,590080,1/15360,2305/60
2306,590336,1/15360,2306/60
2307,590592,1/15360,2307/60
2308,590848,1/15360,2308/60
2309,591104,1/15360,2309/60
2310,591360,1/15360,2310/60
2311,591616,1/15360,2311/60
2312,591872,1/15360,2312/60
2313,592128,1/15360,2313/60
2314,592384,1/15360,2314/60
2315,592640,1/15360,2315/60
2316,592896,1/15360,2316/60
2317,593152,1/15360,2317/60
2318,593408,1/15360,2318/60
2319,593664,1/15360,2319/60
2320,593920,1/15360,2320/60
2321,594176,1/15360,2321/60
2322,594432,1/15360,2322/60
2323,594688,1/15360,2323/60
2324,594944,1/15360,2324/60
2325,595200,1/15360,2325/60
2326,595456,1/15360,2326/60
2327,595712,1/15360,2327/60
2328,595968,1/15360,2328/60
2329,596224,1/15360,2329/60
2330,596480,1/15360,2330/60
2331,596736,1/15360,2331/60
2332,596992,1/15360,2332/60
2333,597248,1/15360,2333/60
2334,597504,1/15360,2334/60
2335,597760,1/15360,2335/60
2336,598016,1/15360,2336/60
2337,598272,1/15360,2337/60
2338,598528,1/15360,2338/60
2339,598784,1/15360,2339/60
2340,599040,1/15360,2340/60
2341,599296,1/15360,2341/60
2342,599552,1/15360,2342/60
2343,599808,1/15360,2343/60
2344,600064,1/15360,2344/60
2345,600320,1/15360,2345/60
2346,600576,1/15360,2346/60
2347,600832,1/15360,2347/60
2348,601088,1/15360,2348/60
2349,601344,1/15360,2349/60
2350,601600,1/15360,2350/60
2351,601856,1/15360,2351/60
2352,602112,1/15360,2352/60
2353,602368,1/15360,2353/60
2354,602624,1/15360,2354/60
2355,602880,1/15360,2355/60
2356,603136,1/15360,2356/60
2357,603392,1/15360,2357/60
2358,603648,1/15360,2358/60
2359,603904,1/15360,2359/60
2360,604160,1/15360,2360/60
2361,604416,1/15360,2361/60
2362,604672,1/15360,2362/60
2363,604928,1/15360,2363/60
2364,605184,1/15360,2364/60
2365,605440,1/15360,2365/60
2366,605696,1/15360,2366/60
2367,605952,1/15360,2367/60
2368,606208,1/15360,2368/60
2369,606464,1/15360,2369/60
2370,606720,1/15360,2370/60
2371,606976,1/15360,2371/60
2372,607232,1/15360,2372/60
2373,607488,1/15360,2373/60
2374,607744,1/15360,2374/60
2375,608000,1/15360,2375/60
2376,608256,1/15360,2376/60
2377,608512,1/15360,2377/60
2378,608768,1/15360,2378/60
2379,609024,1/15360,2379/60
2380,609280,1/15360,2380/60
2381,609536,1/15360,2381/60
2382,609792,1/15360,2382/60
2383,610048,1/15360,2383/60
2384,610304,1/15360,2384/60
2385,610560,1/15360,2385/60
2386,610816,1/15360,2386/60
2387,611072,1/15360,2387/60
2388,611328,1/15360,2388/60
2389,611584,1/15360,2389/60
2390,611840,1/15360,2390/60
2391,612096,1/15360,2391/60
2392,612352,1/15360,2392/60
2393,612608,1/15360,2393/60
2394,612864,1/15360,2394/60
2395,613120,1/15360,2395/60
2396,613376,1/15360,2396/60
2397,613632,1/15360,2397/60
2398,613888,1/15360,2398/60
2399,614144,1/15360,2399/60
2400,614400,1/15360,2400/60
2401,614656,1/15360,2401/60
2402,614912,1/15360,2402/60
2403,615168,1/15360,2403/60
2404,615424,1/15360,2404/60
2405,615680,1/15360,2405/60
2406,615936,1/15360,2406/60
2407,616192,1/15360,2407/60
2408,616448,1/15360,2408/60
2409,616704,1/15360,2409/60
2410,616960,1/15360,2410/60
2411,617216,1/15360,2411/60
2412,617472,1/15360,2412/60
2413,617728,1/15360,2413/60
2414,617984,1/15360,2414/60
2415,618240,1/15360,2415/60
2416,618496,1/15360,2416/60
2417,618752,1/15360,2417/60
2418,619008,1/15360,2418/60
2419,619264,1/15360,2419/60
2420,619520,1/15360,2420/60
2421,619776,1/15360,2421/60
2422,620032,1/15360,2422/60
2423,620288,1/15360,2423/60
2424,620544,1/15360,2424/60
2425,620800,1/15360,2425/60
2426,621056,1/15360,2426/60
2427,621312,1/15360,2427/60
2428,621568,1/15360,2428/60
2429,621824,1/15360,2429/60
2430,622080,1/15360,2430/60
2431,622336,1/15360,2431/60
2432,622592,1/15360,2432/60
2433,622848,1/15360,2433/60
2434,623104,1/15360,2434/60
2435,623360,1/15360,2435/60
2436,623616,1/15360,2436/60
2437,623872,1/15360,2437/60
2438,624128,1/15360,2438/60
2439,624384,1/15360,2439/60
2440,624640,1/15360,2440/60
2441,624896,1/15360,2441/60
2442,625152,1/15360,2442/60
2443,625408,1/15360,2443/60
2444,625664,1/15360,2444/60
2445,625920,1/15360,2445/60
2446,626176,1/15360,2446/60
2447,626432,1/15360,2447/60
2448,626688,1/15360,2448/60
2449,626944,1/15360,2449/60
2450,627200,1/15360,2450/60
2451,627456,1/15360,2451/60
2452,627712,1/15360,2452/60
2453,627968,1/15360,2453/60
2454,628224,1/15360,2454/60
2455,628480,1/15360,2455/60
2456,628736,1/15360,2456/60
2457,628992,1/15360,2457/60
2458,629248,1/15360,2458/60
2459,629504,1/15360,2459/60
2460,629760,1/15360,2460/60
2461,630016,1/15360,2461/60
2462,630272,1/15360,2462/60
2463,630528,1/15360,2463/60
2464,630784,1/15360,2464/60
2465,631040,1/15360,2465/60
2466,631296,1/15360,2466/60
2467,631552,1/15360,2467/60
2468,631808,1/15360,2468/60
2469,632064,1/15360,2469/60
2470,632320,1/15360,2470/60
2471,632576,1/15360,2471/60
2472,632832,1/15360,2472/60
2473,633088,1/15360,2473/60
2474,633344,1/15360,2474/60
2475,633600,1/15360,2475/60
2476,633856,1/15360,2476/60
2477,634112,1/15360,2477/60
2478,634368,1/15360,2478/60
2479,634624,1/15360,2479/60
2480,634880,1/15360,2480/60
2481,635136,1/15360,2481/60
2482,635392,1/15360,2482/60
2483,635648,1/15360,2483/60
2484,635904,1/15360,2484/60
2485,636160,1/15360,2485/60
2486,636416,1/15360,2486/60
2487,636672,1/15360,2487/60
2488,636928,1/15360,2488/60
2489,637184,1/15360,2489/60
2490,637440,1/15360,2490/60
2491,637696,1/15360,2491/60
2492,637952,1/15360,2492/60
2493,638208,1/15360,2493/60
2494,638464,1/15360,2494/60
2495,638720,1/15360,2495/60
2496,638976,1/15360,2496/60
2497,639232,1/15360,2497/60
2498,639488,1/15360,2498/60
2499,639744,1/15360,2499/60
2500,640000,1/15360,2500/60
2501,640256,1/15360,2501/60
2502,640512,1/15360,2502/60
2503,640768,1/15360,2503/60
2504,641024,1/15360,2504/60
2505,641280,1/15360,2505/60
2506,641536,1/15360,2506/60
2507,641792,1/15360,2507/60
2508,642048,1/15360,2508/60
2509,642304,1/15360,2509/60
2510,642560,1/15360,2510/60
2511,642816,1/15360,2511/60
2512,643072,1/15360,2512/60
2513,643328,1/15360,2513/60
2514,643584,1/15360,2514/60
2515,643840,1/15360,2515/60
2516,644096,1/15360,2516/60
2517,644352,1/15360,2517/60
2518,644608,1/15360,2518/60
2519,644864,1/15360,2519/60
2520,645120,1/15360,2520/60
2521,645376,1/15360,2521/60
2522,645632,1/15360,2522/60
2523,645888,1/15360,2523/60
2524,646144,1/15360,2524/60
2525,646400,1/15360,2525/60
2526,646656,1/15360,2526/60
2527,646912,1/15360,2527/60
2528,647168,1/15360,2528/60
2529,647424,1/15360,2529/60
2530,647680,1/15360,2530/60
2531,647936,1/15360,2531/60
2532,648192,1/15360,2532/60
2533,648448,1/15360,2533/60
2534,648704,1/15360,2534/60
2535,648960,1/15360,2535/60
2536,649216,1/15360,2536/60
2537,649472,1/15360,2537/60
2538,649728,1/15360,2538/60
2539,649984,1/15360,2539/60
2540,650240,1/15360,2540/60
2541,650496,1/15360,2541/60
2542,650752,1/15360,2542/60
2543,651008,1/15360,2543/60
2544,651264,1/15360,2544/60
2545,651520,1/15360,2545/60
2546,651776,1/15360,2546/60
2547,652032,1/15360,2547/60
2548,652288,1/15360,2548/60
2549,652544,1/15360,2549/60
2550,652800,1/15360,2550/60
2551,653056,1/15360,2551/60
2552,653312,1/15360,2552/60
2553,653568,1/15360,2553/60
2554,653824,1/15360,2554/60
2555,654080,1/15360,2555/60
2556,654336,1/15360,2556/60
2557,654592,1/15360,2557/60
2558,654848,1/15360,2558/60
2559,655104,1/15360,2559/60
2560,655360,1/15360,2560/60
2561,655616,1/15360,2561/60
2562,655872,1/15360,2562/60
2563,656128,1/15360,2563/60
2564,656384,1/15360,2564/60
2565,656640,1/15360,2565/60
2566,656896,1/15360,2566/60
2567,657152,1/15360,2567/60
2568,657408,1/15360,2568/60
2569,657664,1/15360,2569/60
2570,657920,1/15360,2570/60
2571,658176,1/15360,2571/60
2572,658432,1/15360,2572/60
2573,658688,1/15360,2573/60
2574,658944,1/15360,2574/60
2575,659200,1/15360,2575/60
2576,659456,1/15360,2576/60
2577,659712,1/15360,2577/60
2578,659968,1/15360,2578/60
2579,660224,1/15360,2579/60
2580,660480,1/15360,2580/60
2581,660736,1/15360,2581/60
2582,660992,1/15360,2582/60
2583,661248,1/15360,2583/60
2584,661504,1/15360,2584/60
2585,661760,1/15360,2585/60
2586,662016,1/15360,2586/60
2587,662272,1/15360,2587/60
2588,662528,1/15360,2588/60
2589,662784,1/15360,2589/60
2590,663040,1/15360,2590/60
2591,663296,1/15360,2591/60
2592,663552,1/15360,2592/60
2593,663808,1/15360,2593/60
2594,664064,1/15360,2594/60
2595,664320,1/15360,2595/60
2596,664576,1/15360,2596/60
2597,664832,1/15360,2597/60
2598,665088,1/15360,2598/60
2599,665344,1/15360,2599/60
2600,665600,1/15360,2600/60
2601,665856,1/15360,2601/60
2602,666112,1/15360,2602/60
2603,666368,1/15360,2603/60
2604,666624,1/15360,2604/60
2605,666880,1/15360,2605/60
2606,667136,1/15360,2606/60
2607,667392,1/15360,2607/60
2608,667648,1/15360,2608/60
2609,667904,1/15360,2609/60
2610,668160,1/15360,2610/60
2611,668416,1/15360,2611/60
2612,668672,1/15360,2612/60
2613,668928,1/15360,2613/60
2614,669184,1/15360,2614/60
2615,669440,1/15360,2615/60
2616,669696,1/15360,2616/60
2617,669952,1/15360,2617/60
2618,670208,1/15360,2618/60
2619,670464,1/15360,2619/60
2620,670720,1/15360,2620/60
2621,670976,1/15360,2621/60
2622,671232,1/15360,2622/60
2623,671488,1/15360,2623/60
2624,671744,1/15360,2624/60
2625,672000,1/15360,2625/60
2626,672256,1/15360,2626/60
2627,672512,1/15360,2627/60
2628,672768,1/15360,2628/60
2629,673024,1/15360,2629/60
2630,673280,1/15360,2630/60
2631,673536,1/15360,2631/60
2632,673792,1/15360,2632/60
2633,674048,1/15360,2633/60
2634,674304,1/15360,2634/60
2635,674560,1/15360,2635/60
2636,674816,1/15360,2636/60
2637,675072,1/15360,2637/60
2638,675328,1/15360,2638/60
2639,675584,1/15360,2639/60
2640,675840,1/15360,2640/60
2641,676096,1/15360,2641/60
2642,676352,1/15360,2642/60
2643,676608,1/15360,2643/60
2644,676864,1/15360,2644/60
2645,677120,1/15360,2645/60
2646,677376,1/15360,2646/60
2647,677632,1/15360,2647/60
2648,677888,1/15360,2648/60
2649,678144,1/15360,2649/60
2650,678400,1/15360,2650/60
2651,678656,1/15360,2651/60
2652,678912,1/15360,2652/60
2653,679168,1/15360,2653/60
2654,679424,1/15360,2654/60
2655,679680,1/15360,2655/60
2656,679936,1/15360,2656/60
2657,680192,1/15360,2657/60
2658,680448,1/15360,2658/60
2659,680704,1/15360,2659/60
2660,680960,1/15360,2660/60
2661,681216,1/15360,2661/60
2662,681472,1/15360,2662/60
2663,681728,1/15360,2663/60
2664,681984,1/15360,2664/60
2665,682240,1/15360,2665/60
2666,682496,1/15360,2666/60
2667,682752,1/15360,2667/60
2668,683008,1/15360,2668/60
2669,683264,1/15360,2669/60
2670,683520,1/15360,2670/60
2671,683776,1/15360,2671/60
2672,684032,1/15360,2672/60
2673,684288,1/15360,2673/60
2674,684544,1/15360,2674/60
2675,684800,1/15360,2675/60
2676,685056,1/15360,2676/60
2677,685312,1/15360,2677/60
2678,685568,1/15360,2678/60
2679,685824,1/15360,2679/60
2680,686080,1/15360,2680/60
2681,686336,1/15360,2681/60
2682,686592,1/15360,2682/60
2683,686848,1/15360,2683/60
2684,687104,1/15360,2684/60
2685,687360,1/15360,2685/60
2686,687616,1/15360,2686/60
2687,687872,1/15360,2687/60
2688,688128,1/15360,2688/60
2689,688384,1/15360,2689/60
2690,688640,1/15360,2690/60
2691,688896,1/15360,2691/60
2692,689152,1/15360,2692/60
2693,689408,1/15360,2693/60
2694,689664,1/15360,2694/60
2695,689920,1/15360,2695/60
2696,690176,1/15360,2696/60
2697,690432,1/15360,2697/60
2698,690688,1/15360,2698/60
2699,690944,1/15360,2699/60
2700,691200,1/15360,2700/60
2701,691456,1/15360,2701/60
2702,691712,1/15360,2702/60
2703,691968,1/15360,2703/60
2704,692224,1/15360,2704/60
2705,692480,1/15360,2705/60
2706,692736,1/15360,2706/60
2707,692992,1/15360,2707/60
2708,693248,1/15360,2708/60
2709,693504,1/15360,2709/60
2710,693760,1/15360,2710/60
2711,694016,1/15360,2711/60
2712,694272,1/15360,2712/60
2713,694528,1/15360,2713/60
2714,694784,1/15360,2714/60
2715,695040,1/15360,2715/60
2716,695296,1/15360,2716/60
2717,695552,1/15360,2717/60
2718,695808,1/15360,2718/60
2719,696064,1/15360,2719/60
2720,696320,1/15360,2720/60
2721,696576,1/15360,2721/60
2722,696832,1/15360,2722/60
2723,697088,1/15360,2723/60
2724,697344,1/15360,2724/60
2725,697600,1/15360,2725/60
2726,697856,1/15360,2726/60
2727,698112,1/15360,2727/60
2728,698368,1/15360,2728/60
2729,698624,1/15360,2729/60
2730,698880,1/15360,2730/60
2731,699136,1/15360,2731/60
2732,699392,1/15360,2732/60
2733,699648,1/15360,2733/60
2734,699904,1/15360,2734/60
2735,700160,1/15360,2735/60
2736,700416,1/15360,2736/60
2737,700672,1/15360,2737/60
2738,700928,1/15360,2738/60
2739,701184,1/15360,2739/60
2740,701440,1/15360,2740/60
2741,701696,1/15360,2741/60
2742,701952,1/15360,2742/60
2743,702208,1/15360,2743/60
2744,702464,1/15360,2744/60
2745,702720,1/15360,2745/60
2746,702976,1/15360,2746/60
2747,703232,1/15360,2747/60
2748,703488,1/15360,2748/60
2749,703744,1/15360,2749/60
2750,704000,1/15360,2750/60
2751,704256,1/15360,2751/60
2752,704512,1/15360,2752/60
2753,704768,1/15360,2753/60
2754,705024,1/15360,2754/60
2755,705280,1/15360,2755/60
2756,705536,1/15360,2756/60
2757,705792,1/15360,2757/60
2758,706048,1/15360,2758/60
2759,706304,1/15360,2759/60
2760,706560,1/15360,2760/60
2761,706816,1/15360,2761/60
2762,707072,1/15360,2762/60
2763,707328,1/15360,2763/60
2764,707584,1/15360,2764/60
2765,707840,1/15360,2765/60
2766,708096,1/15360,2766/60
2767,708352,1/15360,2767/60
2768,708608,1/15360,2768/60
2769,708864,1/15360,2769/60
2770,709120,1/15360,2770/60
2771,709376,1/15360,2771/60
2772,709632,1/15360,2772/60
2773,709888,1/15360,2773/60
2774,710144,1/15360,2774/60
2775,710400,1/15360,2775/60
2776,710656,1/15360,2776/60
2777,710912,1/15360,2777/60
2778,711168,1/15360,2778/60
2779,711424,1/15360,2779/60
2780,711680,1/15360,2780/60
2781,711936,1/15360,2781/60
2782,712192,1/15360,2782/60
2783,712448,1/15360,2783/60
2784,712704,1/15360,2784/60
2785,712960,1/15360,2785/60
2786,713216,1/15360,2786/60
2787,713472,1/15360,2787/60
2788,713728,1/15360,2788/60
2789,713984,1/15360,2789/60
2790,714240,1/15360,2790/60
2791,714496,1/15360,2791/60
2792,714752,1/15360,2792/60
2793,715008,1/15360,2793/60
2794,715264,1/15360,2794/60
2795,715520,1/15360,2795/60
2796,715776,1/15360,2796/60
2797,716032,1/15360,2797/60
2798,716288,1/15360,2798/60
2799,716544,1/15360,2799/60
2800,716800,1/15360,2800/60
2801,717056,1/15360,2801/60
2802,717312,1/15360,2802/60
2803,717568,1/15360,2803/60
2804,717824,1/15360,2804/60
2805,718080,1/15360,2805/60
2806,718336,1/15360,2806/60
2807,718592,1/15360,2807/60
2808,718848,1/15360,2808/60
2809,719104,1/15360,2809/60
2810,719360,1/15360,2810/60
2811,719616,1/15360,2811/60
2812,719872,1/15360,2812/60
2813,720128,1/15360,2813/60
2814,720384,1/15360,2814/60
2815,720640,1/15360,2815/60
2816,720896,1/15360,2816/60
2817,721152,1/15360,2817/60
2818,721408,1/15360,2818/60
2819,721664,1/15360,2819/60
2820,721920,1/15360,2820/60
2821,722176,1/15360,2821/60
2822,722432,1/15360,2822/60
2823,722688,1/15360,2823/60
2824,722944,1/15360,2824/60
2825,723200,1/15360,2825/60
2826,723456,1/15360,2826/60
2827,723712,1/15360,2827/60
2828,723968,1/15360,2828/60
2829,724224,1/15360,2829/60
2830,724480,1/15360,2830/60
2831,724736,1/15360,2831/60
2832,724992,1/15360,2832/60
2833,725248,1/15360,2833/60
2834,725504,1/15360,2834/60
2835,725760,1/15360,2835/60
2836,726016,1/15360,2836/60
2837,726272,1/15360,2837/60
2838,726528,1/15360,2838/60
2839,726784,1/15360,2839/60
2840,727040,1/15360,2840/60
2841,727296,1/15360,2841/60
2842,727552,1/15360,2842/60
2843,727808,1/15360,2843/60
2844,728064,1/15360,2844/60
2845,728320,1/15360,2845/60
2846,728576,1/15360,2846/60
2847,728832,1/15360,2847/60
2848,729088,1/15360,2848/60
2849,729344,1/15360,2849/60
2850,729600,1/15360,2850/60
2851,729856,1/15360,2851/60
2852,730112,1/15360,2852/60
2853,730368,1/15360,2853/60
2854,730624,1/15360,2854/60
2855,730880,1/15360,2855/60
2856,731136,1/15360,2856/60
2857,731392,1/15360,2857/60
2858,731648,1/15360,2858/60
2859,731904,1/15360,2859/60
2860,732160,1/15360,2860/60
2861,732416,1/15360,2861/60
2862,732672,1/15360,2862/60
2863,732928,1/15360,2863/60
2864,733184,1/15360,2864/60
2865,733440,1/15360,2865/60
2866,733696,1/15360,2866/60
2867,733952,1/15360,2867/60
2868,734208,1/15360,2868/60
2869,734464,1/15360,2869/60
2870,734720,1/15360,2870/60
2871,734976,1/15360,2871/60
2872,735232,1/15360,2872/60
2873,735488,1/15360,2873/60
2874,735744,1/15360,2874/60
2875,736000,1/15360,2875/60
2876,736256,1/15360,2876/60
2877,736512,1/15360,2877/60
2878,736768,1/15360,2878/60
2879,737024,1/15360,2879/60
2880,737280,1/15360,2880/60
2881,737536,1/15360,2881/60
2882,737792,1/15360,2882/60
2883,738048,1/15360,2883/60
2884,738304,1/15360,2884/60
2885,738560,1/15360,2885/60
2886,738816,1/15360,2886/60
2887,739072,1/15360,2887/60
2888,739328,1/15360,2888/60
2889,739584,1/15360,2889/60
2890,739840,1/15360,2890/60
2891,740096,1/15360,2891/60
2892,740352,1/15360,2892/60
2893,740608,1/15360,2893/60
2894,740864,1/15360,2894/60
2895,741120,1/15360,2895/60
2896,741376,1/15360,2896/60
2897,741632,1/15360,2897/60
2898,741888,1/15360,2898/60
2899,742144,1/15360,2899/60
2900,742400,1/15360,2900/60
2901,742656,1/15360,2901/60
2902,742912,1/15360,2902/60
2903,743168,1/15360,2903/60
2904,743424,1/15360,2904/60
2905,743680,1/15360,2905/60
2906,743936,1/15360,2906/60
2907,744192,1/15360,2907/60
2908,744448,1/15360,2908/60
2909,744704,1/15360,2909/60
2910,744960,1/15360,2910/60
2911,745216,1/15360,2911/60
2912,745472,1/15360,2912/60
2913,745728,1/15360,2913/60
2914,745984,1/15360,2914/60
2915,746240,1/15360,2915/60
2916,746496,1/15360,2916/60
2917,746752,1/15360,2917/60
2918,747008,1/15360,2918/60
2919,747264,1/15360,2919/60
2920,747520,1/15360,2920/60
2921,747776,1/15360,2921/60
2922,748032,1/15360,2922/60
2923,748288,1/15360,2923/60
2924,748544,1/15360,2924/60
2925,748800,1/15360,2925/60
2926,749056,1/15360,2926/60
2927,749312,1/15360,2927/60
2928,749568,1/15360,2928/60
2929,749824,1/15360,2929/60
2930,750080,1/15360,2930/60
2931,750336,1/15360,2931/60
2932,750592,1/15360,2932/60
2933,750848,1/15360,2933/60
2934,751104,1/15360,2934/60
2935,751360,1/15360,2935/60
2936,751616,1/15360,2936/60
2937,751872,1/15360,2937/60
2938,752128,1/15360,2938/60
2939,752384,1/15360,2939/60
2940,752640,1/15360,2940/60
2941,752896,1/15360,2941/60
2942,753152,1/15360,2942/60
2943,753408,1/15360,2943/60
2944,753664,1/15360,2944/60
2945,753920,1/15360,2945/60
2946,754176,1/15360,2946/60
2947,754432,1/15360,2947/60
2948,754688,1/15360,2948/60
2949,754944,1/15360,2949/60
2950,755200,1/15360,2950/60
2951,755456,1/15360,2951/60
2952,755712,1/15360,2952/60
2953,755968,1/15360,2953/60
2954,756224,1/15360,2954/60
2955,756480,1/15360,2955/60
2956,756736,1/15360,2956/60
2957,756992,1/15360,2957/60
2958,757248,1/15360,2958/60
2959,757504,1/15360,2959/60
2960,757760,1/15360,2960/60
2961,758016,1/15360,2961/60
2962,758272,1/15360,2962/60
2963,758528,1/15360,2963/60
2964,758784,1/15360,2964/60
2965,759040,1/15360,2965/60
2966,759296,1/15360,2966/60
2967,759552,1/15360,2967/60
2968,759808,1/15360,2968/60
2969,760064,1/15360,2969/60
2970,760320,1/15360,2970/60
2971,760576,1/15360,2971/60
2972,760832,1/15360,2972/60
2973,761088,1/15360,2973/60
2974,761344,1/15360,2974/60
2975,761600,1/15360,2975/60
2976,761856,1/15360,2976/60
2977,762112,1/15360,2977/60
2978,762368,1/15360,2978/60
2979,762624,1/15360,2979/60
2980,762880,1/15360,2980/60
2981,763136,1/15360,2981/60
2982,763392,1/15360,2982/60
2983,763648,1/15360,2983/60
2984,763904,1/15360,2984/60
2985,764160,1/15360,2985/60
2986,764416,1/15360,2986/60
2987,764672,1/15360,2987/60
2988,764928,1/15360,2988/60
2989,765184,1/15360,2989/60
2990,765440,1/15360,2990/60
2991,765696,1/15360,2991/60
2992,765952,1/15360,2992/60
2993,766208,1/15360,2993/60
2994,766464,1/15360,2994/60
2995,766720,1/15360,2995/60
2996,766976,1/15360,2996/60
2997,767232,1/15360,2997/60
2998,767488,1/15360,2998/60
2999,767744,1/15360,2999/60
3000,768000,1/15360,3000/60
3001,768256,1/15360,3001/60
3002,768512,1/15360,3002/60
3003,768768,1/15360,3003/60
3004,769024,1/15360,3004/60
3005,769280,1/15360,3005/60
3006,769536,1/15360,3006/60
3007,769792,1/15360,3007/60
3008,770048,1/15360,3008/60
3009,770304,1/15360,3009/60
3010,770560,1/15360,3010/60
3011,770816,1/15360,3011/60
3012,771072,1/15360,3012/60
3013,771328,1/15360,3013/60
3014,771584,1/15360,3014/60
3015,771840,1/15360,3015/60
3016,772096,1/15360,3016/60
3017,772352,1/15360,3017/60
3018,772608,1/15360,3018/60
3019,772864,1/15360,3019/60
3020,773120,1/15360,3020/60
3021,773376,1/15360,3021/60
3022,773632,1/15360,3022/60
3023,773888,1/15360,3023/60
3024,774144,1/15360,3024/60
3025,774400,1/15360,3025/60
3026,774656,1/15360,3026/60
3027,774912,1/15360,3027/60
3028,775168,1/15360,3028/60
3029,775424,1/15360,3029/60
3030,775680,1/15360,3030/60
3031,775936,1/15360,3031/60
3032,776192,1/15360,3032/60
3033,776448,1/15360,3033/60
3034,776704,1/15360,3034/60
3035,776960,1/15360,3035/60
3036,777216,1/15360,3036/60
3037,777472,1/15360,3037/60
3038,777728,1/15360,3038/60
3039,777984,1/15360,3039/60
3040,778240,1/15360,3040/60
3041,778496,1/15360,3041/60
3042,778752,1/15360,3042/60
3043,779008,1/15360,3043/60
3044,779264,1/15360,3044/60
3045,779520,1/15360,3045/60
3046,779776,1/15360,3046/60
3047,780032,1/15360,3047/60
3048,780288,1/15360,3048/60
3049,780544,1/15360,3049/60
3050,780800,1/15360,3050/60
3051,781056,1/15360,3051/60
3052,781312,1/15360,3052/60
3053,781568,1/15360,3053/60
3054,781824,1/15360,3054/60
3055,782080,1/15360,3055/60
3056,782336,1/15360,3056/60
3057,782592,1/15360,3057/60
3058,782848,1/15360,3058/60
3059,783104,1/15360,3059/60
3060,783360,1/15360,3060/60
3061,783616,1/15360,3061/60
3062,783872,1/15360,3062/60
3063,784128,1/15360,3063/60
3064,784384,1/15360,3064/60
3065,784640,1/15360,3065/60
3066,784896,1/15360,3066/60
3067,785152,1/15360,3067/60
3068,785408,1/15360,3068/60
3069,785664,1/15360,3069/60
3070,785920,1/15360,3070/60
3071,786176,1/15360,3071/60
3072,786432,1/15360,3072/60
3073,786688,1/15360,3073/60
3074,786944,1/15360,3074/60
3075,787200,1/15360,3075/60
3076,787456,1/15360,3076/60
3077,787712,1/15360,3077/60
3078,787968,1/15360,3078/60
3079,788224,1/15360,3079/60
3080,788480,1/15360,3080/60
3081,788736,1/15360,3081/60
3082,788992,1/15360,3082/60
3083,789248,1/15360,3083/60
3084,789504,1/15360,3084/60
3085,789760,1/15360,3085/60
3086,790016,1/15360,3086/60
3087,790272,1/15360,3087/60
3088,790528,1/15360,3088/60
3089,790784,1/15360,3089/60
3090,791040,1/15360,3090/60
3091,791296,1/15360,3091/60
3092,791552,1/15360,3092/60
3093,791808,1/15360,3093/60
3094,792064,1/15360,3094/60
3095,792320,1/15360,3095/60
3096,792576,1/15360,3096/60
3097,792832,1/15360,3097/60
3098,793088,1/15360,3098/60
3099,793344,1/15360,3099/60
3100,793600,1/15360,3100/60
3101,793856,1/15360,3101/60
3102,794112,1/15360,3102/60
3103,794368,1/15360,3103/60
3104,794624,1/15360,3104/60
3105,794880,1/15360,3105/60
3106,795136,1/15360,3106/60
3107,795392,1/15360,3107/60
3108,795648,1/15360,3108/60
3109,795904,1/15360,3109/60
3110,796160,1/15360,3110/60
3111,796416,1/15360,3111/60
3112,796672,1/15360,3112/60
3113,796928,1/15360,3113/60
3114,797184,1/15360,3114/60
3115,797440,1/15360,3115/60
3116,797696,1/15360,3116/60
3117,797952,1/15360,3117/60
3118,798208,1/15360,3118/60
3119,798464,1/15360,3119/60
3120,798720,1/15360,3120/60
3121,798976,1/15360,3121/60
3122,799232,1/15360,3122/60
3123,799488,1/15360,3123/60
3124,799744,1/15360,3124/60
3125,800000,1/15360,3125/60
3126,800256,1/15360,3126/60
3127,800512,1/15360,3127/60
3128,800768,1/15360,3128/60
3129,801024,1/15360,3129/60
3130,801280,1/15360,3130/60
3131,801536,1/15360,3131/60
3132,801792,1/15360,3132/60
3133,802048,1/15360,3133/60
3134,802304,1/15360,3134/60
3135,802560,1/15360,3135/60
3136,802816,1/15360,3136/60
3137,803072,1/15360,3137/60
3138,803328,1/15360,3138/60
3139,803584,1/15360,3139/60
3140,803840,1/15360,3140/60
3141,804096,1/15360,3141/60
3142,804352,1/15360,3142/60
3143,804608,1/15360,3143/60
3144,804864,1/15360,3144/60
3145,805120,1/15360,3145/60
3146,805376,1/15360,3146/60
3147,805632,1/15360,3147/60
3148,805888,1/15360,3148/60
3149,806144,1/15360,3149/60
3150,806400,1/15360,3150/60
3151,806656,1/15360,3151/60
3152,806912,1/15360,3152/60
3153,807168,1/15360,3153/60
3154,807424,1/15360,3154/60
3155,807680,1/15360,3155/60
3156,807936,1/15360,3156/60
3157,808192,1/15360,3157/60
3158,808448,1/15360,3158/60
3159,808704,1/15360,3159/60
3160,808960,1/15360,3160/60
3161,809216,1/15360,3161/60
3162,809472,1/15360,3162/60
3163,809728,1/15360,3163/60
3164,809984,1/15360,3164/60
3165,810240,1/15360,3165/60
3166,810496,1/15360,3166/60
3167,810752,1/15360,3167/60
3168,811008,1/15360,3168/60
3169,811264,1/15360,3169/60
3170,811520,1/15360,3170/60
3171,811776,1/15360,3171/60
3172,812032,1/15360,3172/60
3173,812288,1/15360,3173/60
3174,812544,1/15360,3174/60
3175,812800,1/15360,3175/60
3176,813056,1/15360,3176/60
3177,813312,1/15360,3177/60
3178,813568,1/15360,3178/60
3179,813824,1/15360,3179/60
3180,814080,1/15360,3180/60
3181,814336,1/15360,3181/60
3182,814592,1/15360,3182/60
3183,814848,1/15360,3183/60
3184,815104,1/15360,3184/60
3185,815360,1/15360,3185/60
3186,815616,1/15360,3186/60
3187,815872,1/15360,3187/60
3188,816128,1/15360,3188/60
3189,816384,1/15360,3189/60
3190,816640,1/15360,3190/60
3191,816896,1/15360,3191/60
3192,817152,1/15360,3192/60
3193,817408,1/15360,3193/60
3194,817664,1/15360,3194/60
3195,817920,1/15360,3195/60
3196,818176,1/15360,3196/60
3197,818432,1/15360,3197/60
3198,818688,1/15360,3198/60
3199,818944,1/15360,3199/60
3200,819200,1/15360,3200/60
3201,819456,1/15360,3201/60
3202,819712,1/15360,3202/60
3203,819968,1/15360,3203/60
3204,820224,1/15360,3204/60
3205,820480,1/15360,3205/60
3206,820736,1/15360,3206/60
3207,820992,1/15360,3207/60
3208,821248,1/15360,3208/60
3209,821504,1/15360,3209/60
3210,821760,1/15360,3210/60
3211,822016,1/15360,3211/60
3212,822272,1/15360,3212/60
3213,822528,1/15360,3213/60
3214,822784,1/15360,3214/60
3215,823040,1/15360,3215/60
3216,823296,1/15360,3216/60
3217,823552,1/15360,3217/60
3218,823808,1/15360,3218/60
3219,824064,1/15360,3219/60
3220,824320,1/15360,3220/60
3221,824576,1/15360,3221/60
3222,824832,1/15360,3222/60
3223,825088,1/15360,3223/60
3224,825344,1/15360,3224/60
3225,825600,1/15360,3225/60
3226,825856,1/15360,3226/60
3227,826112,1/15360,3227/60
3228,826368,1/15360,3228/60
3229,826624,1/15360,3229/60
3230,826880,1/15360,3230/60
3231,827136,1/15360,3231/60
3232,827392,1/15360,3232/60
3233,827648,1/15360,3233/60
3234,827904,1/15360,3234/60
3235,828160,1/15360,3235/60
3236,828416,1/15360,3236/60
3237,828672,1/15360,3237/60
3238,828928,1/15360,3238/60
3239,829184,1/15360,3239/60
3240,829440,1/15360,3240/60
3241,829696,1/15360,3241/60
3242,829952,1/15360,3242/60
3243,830208,1/15360,3243/60
3244,830464,1/15360,3244/60
3245,830720,1/15360,3245/60
3246,830976,1/15360,3246/60
3247,831232,1/15360,3247/60
3248,831488,1/15360,3248/60
3249,831744,1/15360,3249/60
3250,832000,1/15360,3250/60
3251,832256,1/15360,3251/60
3252,832512,1/15360,3252/60
3253,832768,1/15360,3253/60
3254,833024,1/15360,3254/60
3255,833280,1/15360,3255/60
3256,833536,1/15360,3256/60
3257,833792,1/15360,3257/60
3258,834048,1/15360,3258/60
3259,834304,1/15360,3259/60
3260,834560,1/15360,3260/60
3261,834816,1/15360,3261/60
3262,835072,1/15360,3262/60
3263,835328,1/15360,3263/60
3264,835584,1/15360,3264/60
3265,835840,1/15360,3265/60
3266,836096,1/15360,3266/60
3267,836352,1/15360,3267/60
3268,836608,1/15360,3268/60
3269,836864,1/15360,3269/60
3270,837120,1/15360,3270/60
3271,837376,1/15360,3271/60
3272,837632,1/15360,3272/60
3273,837888,1/15360,3273/60
3274,838144,1/15360,3274/60
3275,838400,1/15360,3275/60
3276,838656,1/15360,3276/60
3277,838912,1/15360,3277/60
3278,839168,1/15360,3278/60
3279,839424,1/15360,3279/60
3280,839680,1/15360,3280/60
3281,839936,1/15360,3281/60
3282,840192,1/15360,3282/60
3283,840448,1/15360,3283/60
3284,840704,1/15360,3284/60
3285,840960,1/15360,3285/60
3286,841216,1/15360,3286/60
3287,841472,1/15360,3287/60
3288,841728,1/15360,3288/60
3289,841984,1/15360,3289/60
3290,842240,1/15360,3290/60
3291,842496,1/15360,3291/60
3292,842752,1/15360,3292/60
3293,843008,1/15360,3293/60
3294,843264,1/15360,3294/60
3295,843520,1/15360,3295/60
3296,843776,1/15360,3296/60
3297,844032,1/15360,3297/60
3298,844288,1/15360,3298/60
3299,844544,1/15360,3299/60
3300,844800,1/15360,3300/60
3301,845056,1/15360,3301/60
3302,845312,1/15360,3302/60
3303,845568,1/15360,3303/60
3304,845824,1/15360,3304/60
3305,846080,1/15360,3305/60
3306,846336,1/15360,3306/60
3307,846592,1/15360,3307/60
3308,846848,1/15360,3308/60
3309,847104,1/15360,3309/60
3310,847360,1/15360,3310/60
3311,847616,1/15360,3311/60
3312,847872,1/15360,3312/60
3313,848128,1/15360,3313/60
3314,848384,1/15360,3314/60
3315,848640,1/15360,3315/60
3316,848896,1/15360,3316/60
3317,849152,1/15360,3317/60
3318,849408,1/15360,3318/60
3319,849664,1/15360,3319/60
3320,849920,1/15360,3320/60
3321,850176,1/15360,3321/60
3322,850432,1/15360,3322/60
3323,850688,1/15360,3323/60
3324,850944,1/15360,3324/60
3325,851200,1/15360,3325/60
3326,851456,1/15360,3326/60
3327,851712,1/15360,3327/60
3328,851968,1/15360,3328/60
3329,852224,1/15360,3329/60
3330,852480,1/15360,3330/60
3331,852736,1/15360,3331/60
3332,852992,1/15360,3332/60
3333,853248,1/15360,3333/60
3334,853504,1/15360,3334/60
3335,853760,1/15360,3335/60
3336,854016,1/15360,3336/60
3337,854272,1/15360,3337/60
3338,854528,1/15360,3338/60
3339,854784,1/15360,3339/60
3340,855040,1/15360,3340/60
3341,855296,1/15360,3341/60
3342,855552,1/15360,3342/60
3343,855808,1/15360,3343/60
3344,856064,1/15360,3344/60
3345,856320,1/15360,3345/60
3346,856576,1/15360,3346/60
3347,856832,1/15360,3347/60
3348,857088,1/15360,3348/60
3349,857344,1/15360,3349/60
3350,857600,1/15360,3350/60
3351,857856,1/15360,3351/60
3352,858112,1/15360,3352/60
3353,858368,1/15360,3353/60
3354,858624,1/15360,3354/60
3355,858880,1/15360,3355/60
3356,859136,1/15360,3356/60
3357,859392,1/15360,3357/60
3358,859648,1/15360,3358/60
3359,859904,1/15360,3359/60
3360,860160,1/15360,3360/60
3361,860416,1/15360,3361/60
3362,860672,1/15360,3362/60
3363,860928,1/15360,3363/60
3364,861184,1/15360,3364/60
3365,861440,1/15360,3365/60
3366,861696,1/15360,3366/60
3367,861952,1/15360,3367/60
3368,862208,1/15360,3368/60
3369,862464,1/15360,3369/60
3370,862720,1/15360,3370/60
3371,862976,1/15360,3371/60
3372,863232,1/15360,3372/60
3373,863488,1/15360,3373/60
3374,863744,1/15360,3374/60
3375,864000,1/15360,3375/60
3376,864256,1/15360,3376/60
3377,864512,1/15360,3377/60
3378,864768,1/15360,3378/60
3379,865024,1/15360,3379/60
3380,865280,1/15360,3380/60
3381,865536,1/15360,3381/60
3382,865792,1/15360,3382/60
3383,866048,1/15360,3383/60
3384,866304,1/15360,3384/60
3385,866560,1/15360,3385/60
3386,866816,1/15360,3386/60
3387,867072,1/15360,3387/60
3388,867328,1/15360,3388/60
3389,867584,1/15360,3389/60
3390,867840,1/15360,3390/60
3391,868096,1/15360,3391/60
3392,868352,1/15360,3392/60
3393,868608,1/15360,3393/60
3394,868864,1/15360,3394/60
3395,869120,1/15360,3395/60
3396,869376,1/15360,3396/60
3397,869632,1/15360,3397/60
3398,869888,1/15360,3398/60
3399,870144,1/15360,3399/60
3400,870400,1/15360,3400/60
3401,870656,1/15360,3401/60
3402,870912,1/15360,3402/60
3403,871168,1/15360,3403/60
3404,871424,1/15360,3404/60
3405,871680,1/15360,3405/60
3406,871936,1/15360,3406/60
3407,872192,1/15360,3407/60
3408,872448,1/15360,3408/60
3409,872704,1/15360,3409/60
3410,872960,1/15360,3410/60
3411,873216,1/15360,3411/60
3412,873472,1/15360,3412/60
3413,873728,1/15360,3413/60
3414,873984,1/15360,3414/60
3415,874240,1/15360,3415/60
3416,874496,1/15360,3416/60
3417,874752,1/15360,3417/60
3418,875008,1/15360,3418/60
3419,875264,1/15360,3419/60
3420,875520,1/15360,3420/60
3421,875776,1/15360,3421/60
3422,876032,1/15360,3422/60
3423,876288,1/15360,3423/60
3424,876544,1/15360,3424/60
3425,876800,1/15360,3425/60
3426,877056,1/15360,3426/60
3427,877312,1/15360,3427/60
3428,877568,1/15360,3428/60
3429,877824,1/15360,3429/60
3430,878080,1/15360,3430/60
3431,878336,1/15360,3431/60
3432,878592,1/15360,3432/60
3433,878848,1/15360,3433/60
3434,879104,1/15360,3434/60
3435,879360,1/15360,3435/60
3436,879616,1/15360,3436/60
3437,879872,1/15360,3437/60
3438,880128,1/15360,3438/60
3439,880384,1/15360,3439/60
3440,880640,1/15360,3440/60
3441,880896,1/15360,3441/60
3442,881152,1/15360,3442/60
3443,881408,1/15360,3443/60
3444,881664,1/15360,3444/60
3445,881920,1/15360,3445/60
3446,882176,1/15360,3446/60
3447,882432,1/15360,3447/60
3448,882688,1/15360,3448/60
3449,882944,1/15360,3449/60
3450,883200,1/15360,3450/60
3451,883456,1/15360,3451/60
3452,883712,1/15360,3452/60
3453,883968,1/15360,3453/60
3454,884224,1/15360,3454/60
3455,884480,1/15360,3455/60
3456,884736,1/15360,3456/60
3457,884992,1/15360,3457/60
3458,885248,1/15360,3458/60
3459,885504,1/15360,3459/60
3460,885760,1/15360,3460/60
3461,886016,1/15360,3461/60
3462,886272,1/15360,3462/60
3463,886528,1/15360,3463/60
3464,886784,1/15360,3464/60
3465,887040,1/15360,3465/60
3466,887296,1/15360,3466/60
3467,887552,1/15360,3467/60
3468,887808,1/15360,3468/60
3469,888064,1/15360,3469/60
3470,888320,1/15360,3470/60
3471,888576,1/15360,3471/60
3472,888832,1/15360,3472/60
3473,889088,1/15360,3473/60
3474,889344,1/15360,3474/60
3475,889600,1/15360,3475/60
3476,889856,1/15360,3476/60
3477,890112,1/15360,3477/60
3478,890368,1/15360,3478/60
3479,890624,1/15360,3479/60
3480,890880,1/15360,3480/60
3481,891136,1/15360,3481/60
3482,891392,1/15360,3482/60
3483,891648,1/15360,3483/60
3484,891904,1/15360,3484/60
3485,892160,1/15360,3485/60
3486,892416,1/15360,3486/60
3487,892672,1/15360,3487/60
3488,892928,1/15360,3488/60
3489,893184,1/15360,3489/60
3490,893440,1/15360,3490/60
3491,893696,1/15360,3491/60
3492,893952,1/15360,3492/60
3493,894208,1/15360,3493/60
3494,894464,1/15360,3494/60
3495,894720,1/15360,3495/60
3496,894976,1/15360,3496/60
3497,895232,1/15360,3497/60
3498,895488,1/15360,3498/60
3499,895744,1/15360,3499/60
3500,896000,1/15360,3500/60
3501,896256,1/15360,3501/60
3502,896512,1/15360,3502/60
3503,896768,1/15360,3503/60
3504,897024,1/15360,3504/60
3505,897280,1/15360,3505/60
3506,897536,1/15360,3506/60
3507,897792,1/15360,3507/60
3508,898048,1/15360,3508/60
3509,898304,1/15360,3509/60
3510,898560,1/15360,3510/60
3511,898816,1/15360,3511/60
3512,899072,1/15360,3512/60
3513,899328,1/15360,3513/60
3514,899584,1/15360,3514/60
3515,899840,1/15360,3515/60
3516,900096,1/15360,3516/60
3517,900352,1/15360,3517/60
3518,900608,1/15360,3518/60
3519,900864,1/15360,3519/60
3520,901120,1/15360,3520/60
3521,901376,1/15360,3521/60
3522,901632,1/15360,3522/60
3523,901888,1/15360,3523/60
3524,902144,1/15360,3524/60
3525,902400,1/15360,3525/60
3526,902656,1/15360,3526/60
3527,902912,1/15360,3527/60
3528,903168,1/15360,3528/60
3529,903424,1/15360,3529/60
3530,903680,1/15360,3530/60
3531,903936,1/15360,3531/60
3532,904192,1/15360,3532/60
3533,904448,1/15360,3533/60
3534,904704,1/15360,3534/60
3535,904960,1/15360,3535/60
3536,905216,1/15360,3536/60
3537,905472,1/15360,3537/60
3538,905728,1/15360,3538/60
3539,905984,1/15360,3539/60
3540,906240,1/15360,3540/60
3541,906496,1/15360,3541/60
3542,906752,1/15360,3542/60
3543,907008,1/15360,3543/60
3544,907264,1/15360,3544/60
3545,907520,1/15360,3545/60
3546,907776,1/15360,3546/60
3547,908032,1/15360,3547/60
3548,908288,1/15360,3548/60
3549,908544,1/15360,3549/60
3550,908800,1/15360,3550/60
3551,909056,1/15360,3551/60
3552,909312,1/15360,3552/60
3553,909568,1/15360,3553/60
3554,909824,1/15360,3554/60
3555,910080,1/15360,3555/60
3556,910336,1/15360,3556/60
3557,910592,1/15360,3557/60
3558,910848,1/15360,3558/60
3559,911104,1/15360,3559/60
3560,911360,1/15360,3560/60
3561,911616,1/15360,3561/60
3562,911872,1/15360,3562/60
3563,912128,1/15360,3563/60
3564,912384,1/15360,3564/60
3565,912640,1/15360,3565/60
3566,912896,1/15360,3566/60
3567,913152,1/15360,3567/60
3568,913408,1/15360,3568/60
3569,913664,1/15360,3569/60
3570,913920,1/15360,3570/60
3571,914176,1/15360,3571/60
3572,914432,1/15360,3572/60
3573,914688,1/15360,3573/60
3574,914944,1/15360,3574/60
3575,915200,1/15360,3575/60
3576,915456,1/15360,3576/60
3577,915712,1/15360,3577/60
3578,915968,1/15360,3578/60
3579,916224,1/15360,3579/60
3580,916480,1/15360,3580/60
3581,916736,1/15360,3581/60
3582,916992,1/15360,3582/60
3583,917248,1/15360,3583/60
3584,917504,1/15360,3584/60
3585,917760,1/15360,3585/60
3586,918016,1/15360,3586/60
3587,918272,1/15360,3587/60
3588,918528,1/15360,3588/60
3589,918784,1/15360,3589/60
3590,919040,1/15360,3590/60
3591,919296,1/15360,3591/60
3592,919552,1/15360,3592/60
3593,919808,1/15360,3593/60
3594,920064,1/15360,3594/60
3595,920320,1/15360,3595/60
3596,920576,1/15360,3596/60
3597,920832,1/15360,3597/60
3598,921088,1/15360,3598/60
3599,921344,1/15360,3599/60
3600,921600,1/15360,3600/60
3601,921856,1/15360,3601/60
3602,922112,1/15360,3602/60
3603,922368,1/15360,3603/60
3604,922624,1/15360,3604/60
3605,922880,1/15360,3605/60
3606,923136,1/15360,3606/60
3607,923392,1/15360,3607/60
3608,923648,1/15360,3608/60
3609,923904,1/15360,3609/60
3610,924160,1/15360,3610/60
3611,924416,1/15360,3611/60
3612,924672,1/15360,3612/60
3613,924928,1/15360,3613/60
3614,925184,1/15360,3614/60
3615,925440,1/15360,3615/60
3616,925696,1/15360,3616/60
3617,925952,1/15360,3617/60
3618,926208,1/15360,3618/60
3619,926464,1/15360,3619/60
3620,926720,1/15360,3620/60
3621,926976,1/15360,3621/60
3622,927232,1/15360,3622/60
3623,927488,1/15360,3623/60
3624,927744,1/15360,3624/60
3625,928000,1/15360,3625/60
3626,928256,1/15360,3626/60
3627,928512,1/15360,3627/60
3628,928768,1/15360,3628/60
3629,929024,1/15360,3629/60
3630,929280,1/15360,3630/60
3631,929536,1/15360,3631/60
3632,929792,1/15360,3632/60
3633,930048,1/15360,3633/60
3634,930304,1/15360,3634/60
3635,930560,1/15360,3635/60
3636,930816,1/15360,3636/60
3637,931072,1/15360,3637/60
3638,931328,1/15360,3638/60
3639,931584,1/15360,3639/60
3640,931840,1/15360,3640/60
3641,932096,1/15360,3641/60
3642,932352,1/15360,3642/60
3643,932608,1/15360,3643/60
3644,932864,1/15360,3644/60
3645,933120,1/15360,3645/60
3646,933376,1/15360,3646/60
3647,933632,1/15360,3647/60
3648,933888,1/15360,3648/60
3649,934144,1/15360,3649/60
3650,934400,1/15360,3650/60
3651,934656,1/15360,3651/60
3652,934912,1/15360,3652/60
3653,935168,1/15360,3653/60
3654,935424,1/15360,3654/60
3655,935680,1/15360,3655/60
3656,935936,1/15360,3656/60
3657,936192,1/15360,3657/60
3658,936448,1/15360,3658/60
3659,936704,1/15360,3659/60
3660,936960,1/15360,3660/60
3661,937216,1/15360,3661/60
3662,937472,1/15360,3662/60
3663,937728,1/15360,3663/60
3664,937984,1/15360,3664/60
3665,938240,1/15360,3665/60
3666,938496,1/15360,3666/60
3667,938752,1/15360,3667/60
3668,939008,1/15360,3668/60
3669,939264,1/15360,3669/60
3670,939520,1/15360,3670/60
3671,939776,1/15360,3671/60
3672,940032,1/15360,3672/60
3673,940288,1/15360,3673/60
3674,940544,1/15360,3674/60
3675,940800,1/15360,3675/60
3676,941056,1/15360,3676/60
3677,941312,1/15360,3677/60
3678,941568,1/15360,3678/60
3679,941824,1/15360,3679/60
3680,942080,1/15360,3680/60
3681,942336,1/15360,3681/60
3682,942592,1/15360,3682/60
3683,942848,1/15360,3683/60
3684,943104,1/15360,3684/60
3685,943360,1/15360,3685/60
3686,943616,1/15360,3686/60
3687,943872,1/15360,3687/60
3688,944128,1/15360,3688/60
3689,944384,1/15360,3689/60
3690,944640,1/15360,3690/60
3691,944896,1/15360,3691/60
3692,945152,1/15360,3692/60
3693,945408,1/15360,3693/60
3694,945664,1/15360,3694/60
3695,945920,1/15360,3695/60
3696,946176,1/15360,3696/60
3697,946432,1/15360,3697/60
3698,946688,1/15360,3698/60
3699,946944,1/15360,3699/60
3700,947200,1/15360,3700/60
3701,947456,1/15360,3701/60
3702,947712,1/15360,3702/60
3703,947968,1/15360,3703/60
3704,948224,1/15360,3704/60
3705,948480,1/15360,3705/60
3706,948736,1/15360,3706/60
3707,948992,1/15360,3707/60
3708,949248,1/15360,3708/60
3709,949504,1/15360,3709/60
3710,949760,1/15360,3710/60
3711,950016,1/15360,3711/60
3712,950272,1/15360,3712/60
3713,950528,1/15360,3713/60
3714,950784,1/15360,3714/60
3715,951040,1/15360,3715/60
3716,951296,1/15360,3716/60
3717,951552,1/15360,3717/60
3718,951808,1/15360,3718/60
3719,952064,1/15360,3719/60
3720,952320,1/15360,3720/60
3721,952576,1/15360,3721/60
3722,952832,1/15360,3722/60
3723,953088,1/15360,3723/60
3724,953344,1/15360,3724/60
3725,953600,1/15360,3725/60
3726,953856,1/15360,3726/60
3727,954112,1/15360,3727/60
3728,954368,1/15360,3728/60
3729,954624,1/15360,3729/60
3730,954880,1/15360,3730/60
3731,955136,1/15360,3731/60
3732,955392,1/15360,3732/60
3733,955648,1/15360,3733/60
3734,955904,1/15360,3734/60
3735,956160,1/15360,3735/60
3736,956416,1/15360,3736/60
3737,956672,1/15360,3737/60
3738,956928,1/15360,3738/60
3739,957184,1/15360,3739/60
3740,957440,1/15360,3740/60
3741,957696,1/15360,3741/60
3742,957952,1/15360,3742/60
3743,958208,1/15360,3743/60
3744,958464,1/15360,3744/60
3745,958720,1/15360,3745/60
3746,958976,1/15360,3746/60
3747,959232,1/15360,3747/60
3748,959488,1/15360,3748/60
3749,959744,1/15360,3749/60
3750,960000,1/15360,3750/60
3751,960256,1/15360,3751/60
3752,960512,1/15360,3752/60
3753,960768,1/15360,3753/60
3754,961024,1/15360,3754/60
3755,961280,1/15360,3755/60
3756,961536,1/15360,3756/60
3757,961792,1/15360,3757/60
3758,962048,1/15360,3758/60
3759,962304,1/15360,3759/60
3760,962560,1/15360,3760/60
3761,962816,1/15360,3761/60
3762,963072,1/15360,3762/60
3763,963328,1/15360,3763/60
3764,963584,1/15360,3764/60
3765,963840,1/15360,3765/60
3766,964096,1/15360,3766/60
3767,964352,1/15360,3767/60
3768,964608,1/15360,3768/60
3769,964864,1/15360,3769/60
3770,965120,1/15360,3770/60
3771,965376,1/15360,3771/60
3772,965632,1/15360,3772/60
3773,965888,1/15360,3773/60
3774,966144,1/15360,3774/60
3775,966400,1/15360,3775/60
3776,966656,1/15360,3776/60
3777,966912,1/15360,3777/60
3778,967168,1/15360,3778/60
3779,967424,1/15360,3779/60
3780,967680,1/15360,3780/60
3781,967936,1/15360,3781/60
3782,968192,1/15360,3782/60
3783,968448,1/15360,3783/60
3784,968704,1/15360,3784/60
3785,968960,1/15360,3785/60
3786,969216,1/15360,3786/60
3787,969472,1/15360,3787/60
3788,969728,1/15360,3788/60
3789,969984,1/15360,3789/60
3790,970240,1/15360,3790/60
3791,970496,1/15360,3791/60
3792,970752,1/15360,3792/60
3793,971008,1/15360,3793/60
3794,971264,1/15360,3794/60
3795,971520,1/15360,3795/60
3796,971776,1/15360,3796/60
3797,972032,1/15360,3797/60
3798,972288,1/15360,3798/60
3799,972544,1/15360,3799/60
3800,972800,1/15360,3800/60
3801,973056,1/15360,3801/60
3802,973312,1/15360,3802/60
3803,973568,1/15360,3803/60
3804,973824,1/15360,3804/60
3805,974080,1/15360,3805/60
3806,974336,1/15360,3806/60
3807,974592,1/15360,3807/60
3808,974848,1/15360,3808/60
3809,975104,1/15360,3809/60
3810,975360,1/15360,3810/60
3811,975616,1/15360,3811/60
3812,975872,1/15360,3812/60
3813,976128,1/15360,3813/60
3814,976384,1/15360,3814/60
3815,976640,1/15360,3815/60
3816,976896,1/15360,3816/60
3817,977152,1/15360,3817/60
3818,977408,1/15360,3818/60
3819,977664,1/15360,3819/60
3820,977920,1/15360,3820/60
3821,978176,1/15360,3821/60
3822,978432,1/15360,3822/60
3823,978688,1/15360,3823/60
3824,978944,1/15360,3824/60
3825,979200,1/15360,3825/60
3826,979456,1/15360,3826/60
3827,979712,1/15360,3827/60
3828,979968,1/15360,3828/60
3829,980224,1/15360,3829/60
3830,980480,1/15360,3830/60
3831,980736,1/15360,3831/60
3832,980992,1/15360,3832/60
3833,981248,1/15360,3833/60
3834,981504,1/15360,3834/60
3835,981760,1/15360,3835/60
3836,982016,1/15360,3836/60
3837,982272,1/15360,3837/60
3838,982528,1/15360,3838/60
3839,982784,1/15360,3839/60
3840,983040,1/15360,3840/60
3841,983296,1/15360,3841/60
3842,983552,1/15360,3842/60
3843,983808,1/15360,3843/60
3844,984064,1/15360,3844/60
3845,984320,1/15360,3845/60
3846,984576,1/15360,3846/60
3847,984832,1/15360,3847/60
3848,985088,1/15360,3848/60
3849,985344,1/15360,3849/60
3850,985600,1/15360,3850/60
3851,985856,1/15360,3851/60
3852,986112,1/15360,3852/60
3853,986368,1/15360,3853/60
3854,986624,1/15360,3854/60
3855,986880,1/15360,3855/60
3856,987136,1/15360,3856/60
3857,987392,1/15360,3857/60
3858,987648,1/15360,3858/60
3859,987904,1/15360,3859/60
3860,988160,1/15360,3860/60
3861,988416,1/15360,3861/60
3862,988672,1/15360,3862/60
3863,988928,1/15360,3863/60
3864,989184,1/15360,3864/60
3865,989440,1/15360,3865/60
3866,989696,1/15360,3866/60
3867,989952,1/15360,3867/60
3868,990208,1/15360,3868/60
3869,990464,1/15360,3869/60
3870,990720,1/15360,3870/60
3871,990976,1/15360,3871/60
3872,991232,1/15360,3872/60
3873,991488,1/15360,3873/60
3874,991744,1/15360,3874/60
3875,992000,1/15360,3875/60
3876,992256,1/15360,3876/60
3877,992512,1/15360,3877/60
3878,992768,1/15360,3878/60
3879,993024,1/15360,3879/60
3880,993280,1/15360,3880/60
3881,993536,1/15360,3881/60
3882,993792,1/15360,3882/60
3883,994048,1/15360,3883/60
3884,994304,1/15360,3884/60
3885,994560,1/15360,3885/60
3886,994816,1/15360,3886/60
3887,995072,1/15360,3887/60
3888,995328,1/15360,3888/60
3889,995584,1/15360,3889/60
3890,995840,1/15360,3890/60
3891,996096,1/15360,3891/60
3892,996352,1/15360,3892/60
3893,996608,1/15360,3893/60
3894,996864,1/15360,3894/60
3895,997120,1/15360,3895/60
3896,997376,1/15360,3896/60
3897,997632,1/15360,3897/60
3898,997888,1/15360,3898/60
3899,998144,1/15360,3899/60
3900,998400,1/15360,3900/60
3901,998656,1/15360,3901/60
3902,998912,1/15360,3902/60
3903,999168,1/15360,3903/60
3904,999424,1/15360,3904/60
3905,999680,1/15360,3905/60
3906,999936,1/15360,3906/60
3907,1000192,1/15360,3907/60
3908,1000448,1/15360,3908/60
3909,1000704,1/15360,3909/60
3910,1000960,1/15360,3910/60
3911,1001216,1/15360,3911/60
3912,1001472,1/15360,3912/60
3913,1001728,1/15360,3913/60
3914,1001984,1/15360,3914/60
3915,1002240,1/15360,3915/60
3916,1002496,1/15360,3916/60
3917,1002752,1/15360,3917/60
3918,1003008,1/15360,3918/60
3919,1003264,1/15360,3919/60
3920,1003520,1/15360,3920/60
3921,1003776,1/15360,3921/60
3922,1004032,1/15360,3922/60
3923,1004288,1/15360,3923/60
3924,1004544,1/15360,3924/60
3925,1004800,1/15360,3925/60
3926,1005056,1/15360,3926/60
3927,1005312,1/15360,3927/60
3928,1005568,1/15360,3928/60
3929,1005824,1/15360,3929/60
3930,1006080,1/15360,3930/60
3931,1006336,1/15360,3931/60
3932,1006592,1/15360,3932/60
3933,1006848,1/15360,3933/60
3934,1007104,1/15360,3934/60
3935,1007360,1/15360,3935/60
3936,1007616,1/15360,3936/60
3937,1007872,1/15360,3937/60
3938,1008128,1/15360,3938/60
3939,1008384,1/15360,3939/60
3940,1008640,1/15360,3940/60
3941,1008896,1/15360,3941/60
3942,1009152,1/15360,3942/60
3943,1009408,1/15360,3943/60
3944,1009664,1/15360,3944/60
3945,1009920,1/15360,3945/60
3946,1010176,1/15360,3946/60
3947,1010432,1/15360,3947/60
3948,1010688,1/15360,3948/60
3949,1010944,1/15360,3949/60
3950,1011200,1/15360,3950/60
3951,1011456,1/15360,3951/60
3952,1011712,1/15360,3952/60
3953,1011968,1/15360,3953/60
3954,1012224,1/15360,3954/60
3955,1012480,1/15360,3955/60
3956,1012736,1/15360,3956/60
3957,1012992,1/15360,3957/60
3958,1013248,1/15360,3958/60
3959,1013504,1/15360,3959/60
3960,1013760,1/15360,3960/60
3961,1014016,1/15360,3961/60
3962,1014272,1/15360,3962/60
3963,1014528,1/15360,3963/60
3964,1014784,1/15360,3964/60
3965,1015040,1/15360,3965/60
3966,1015296,1/15360,3966/60
3967,1015552,1/15360,3967/60
3968,1015808,1/15360,3968/60
3969,1016064,1/15360,3969/60
3970,1016320,1/15360,3970/60
3971,1016576,1/15360,3971/60
3972,1016832,1/15360,3972/60
3973,1017088,1/15360,3973/60
3974,1017344,1/15360,3974/60
3975,1017600,1/15360,3975/60
3976,1017856,1/15360,3976/60
3977,1018112,1/15360,3977/60
3978,1018368,1/15360,3978/60
3979,1018624,1/15360,3979/60
3980,1018880,1/15360,3980/60
3981,1019136,1/15360,3981/60
3982,1019392,1/15360,3982/60
3983,1019648,1/15360,3983/60
3984,1019904,1/15360,3984/60
3985,1020160,1/15360,3985/60
3986,1020416,1/15360,3986/60
3987,1020672,1/15360,3987/60
3988,1020928,1/15360,3988/60
3989,1021184,1/15360,3989/60
3990,1021440,1/15360,3990/60
3991,1021696,1/15360,3991/60
3992,1021952,1/15360,3992/60
3993,1022208,1/15360,3993/60
3994,1022464,1/15360,3994/60
3995,1022720,1/15360,3995/60
3996,1022976,1/15360,3996/60
3997,1023232,1/15360,3997/60
3998,1023488,1/15360,3998/60
3999,1023744,1/15360,3999/60
4000,1024000,1/15360,4000/60
4001,1024256,1/15360,4001/60
4002,1024512,1/15360,4002/60
4003,1024768,1/15360,4003/60
4004,1025024,1/15360,4004/60
4005,1025280,1/15360,4005/60
4006,1025536,1/15360,4006/60
4007,1025792,1/15360,4007/60
4008,1026048,1/15360,4008/60
4009,1026304,1/15360,4009/60
4010,1026560,1/15360,4010/60
4011,1026816,1/15360,4011/60
4012,1027072,1/15360,4012/60
4013,1027328,1/15360,4013/60
4014,1027584,1/15360,4014/60
4015,1027840,1/15360,4015/60
4016,1028096,1/15360,4016/60
4017,1028352,1/15360,4017/60
4018,1028608,1/15360,4018/60
4019,1028864,1/15360,4019/60
4020,1029120,1/15360,4020/60
4021,1029376,1/15360,4021/60
4022,1029632,1/15360,4022/60
4023,1029888,1/15360,4023/60
4024,1030144,1/15360,4024/60
4025,1030400,1/15360,4025/60
4026,1030656,1/15360,4026/60
4027,1030912,1/15360,4027/60
4028,1031168,1/15360,4028/60
4029,1031424,1/15360,4029/60
4030,1031680,1/15360,4030/60
4031,1031936,1/15360,4031/60
4032,1032192,1/15360,4032/60
4033,1032448,1/15360,4033/60
4034,1032704,1/15360,4034/60
4035,1032960,1/15360,4035/60
4036,1033216,1/15360,4036/60
4037,1033472,1/15360,4037/60
4038,1033728,1/15360,4038/60
4039,1033984,1/15360,4039/60
4040,1034240,1/15360,4040/60
4041,1034496,1/15360,4041/60
4042,1034752,1/15360,4042/60
4043,1035008,1/15360,4043/60
4044,1035264,1/15360,4044/60
4045,1035520,1/15360,4045/60
4046,1035776,1/15360,4046/60
4047,1036032,1/15360,4047/60
4048,1036288,1/15360,4048/60
4049,1036544,1/15360,4049/60
4050,1036800,1/15360,4050/60
4051,1037056,1/15360,4051/60
4052,1037312,1/15360,4052/60
4053,1037568,1/15360,4053/60
4054,1037824,1/15360,4054/60
4055,1038080,1/15360,4055/60
4056,1038336,1/15360,4056/60
4057,1038592,1/15360,4057/60
4058,1038848,1/15360,4058/60
4059,1039104,1/15360,4059/60
4060,1039360,1/15360,4060/60
4061,1039616,1/15360,4061/60
4062,1039872,1/15360,4062/60
4063,1040128,1/15360,4063/60
4064,1040384,1/15360,4064/60
4065,1040640,1/15360,4065/60
4066,1040896,1/15360,4066/60
4067,1041152,1/15360,4067/60
4068,1041408,1/15360,4068/60
4069,1041664,1/15360,4069/60
4070,1041920,1/15360,4070/60
4071,1042176,1/15360,4071/60
4072,1042432,1/15360,4072/60
4073,1042688,1/15360,4073/60
4074,1042944,1/15360,4074/60
4075,1043200,1/15360,4075/60
4076,1043456,1/15360,4076/60
4077,1043712,1/15360,4077/60
4078,1043968,1/15360,4078/60
4079,1044224,1/15360,4079/60
4080,1044480,1/15360,4080/60
4081,1044736,1/15360,4081/60
4082,1044992,1/15360,4082/60
4083,1045248,1/15360,4083/60
4084,1045504,1/15360,4084/60
4085,1045760,1/15360,4085/60
4086,1046016,1/15360,4086/60
4087,1046272,1/15360,4087/60
4088,1046528,1/15360,4088/60
4089,1046784,1/15360,4089/60
4090,1047040,1/15360,4090/60
4091,1047296,1/15360,4091/60
4092,1047552,1/15360,4092/60
4093,1047808,1/15360,4093/60
4094,1048064,1/15360,4094/60
4095,1048320,1/15360,4095/60
4096,1048576,1/15360,4096/60
4097,1048832,1/15360,4097/60
4098,1049088,1/15360,4098/60
4099,1049344,1/15360,4099/60
4100,1049600,1/15360,4100/60
4101,1049856,1/15360,4101/60
4102,1050112,1/15360,4102/60
4103,1050368,1/15360,4103/60
4104,1050624,1/15360,4104/60
4105,1050880,1/15360,4105/60
4106,1051136,1/15360,4106/60
4107,1051392,1/15360,4107/60
4108,1051648,1/15360,4108/60
4109,1051904,1/15360,4109/60
4110,1052160,1/15360,4110/60
4111,1052416,1/15360,4111/60
4112,1052672,1/15360,4112/60
4113,1052928,1/15360,4113/60
4114,1053184,1/15360,4114/60
4115,1053440,1/15360,4115/60
4116,1053696,1/15360,4116/60
4117,1053952,1/15360,4117/60
4118,1054208,1/15360,4118/60
4119,1054464,1/15360,4119/60
4120,1054720,1/15360,4120/60
4121,1054976,1/15360,4121/60
4122,1055232,1/15360,4122/60
4123,1055488,1/15360,4123/60
4124,1055744,1/15360,4124/60
4125,1056000,1/15360,4125/60
4126,1056256,1/15360,4126/60
4127,1056512,1/15360,4127/60
4128,1056768,1/15360,4128/60
4129,1057024,1/15360,4129/60
4130,1057280,1/15360,4130/60
4131,1057536,1/15360,4131/60
4132,1057792,1/15360,4132/60
4133,1058048,1/15360,4133/60
4134,1058304,1/15360,4134/60
4135,1058560,1/15360,4135/60
4136,1058816,1/15360,4136/60
4137,1059072,1/15360,4137/60
4138,1059328,1/15360,4138/60
4139,1059584,1/15360,4139/60
4140,1059840,1/15360,4140/60
4141,1060096,1/15360,4141/60
4142,1060352,1/15360,4142/60
4143,1060608,1/15360,4143/60
4144,1060864,1/15360,4144/60
4145,1061120,1/15360,4145/60
4146,1061376,1/15360,4146/60
4147,1061632,1/15360,4147/60
4148,1061888,1/15360,4148/60
4149,1062144,1/15360,4149/60
4150,1062400,1/15360,4150/60
4151,1062656,1/15360,4151/60
4152,1062912,1/15360,4152/60
4153,1063168,1/15360,4153/60
4154,1063424,1/15360,4154/60
4155,1063680,1/15360,4155/60
4156,1063936,1/15360,4156/60
4157,1064192,1/15360,4157/60
4158,1064448,1/15360,4158/60
4159,1064704,1/15360,4159/60
4160,1064960,1/15360,4160/60
4161,1065216,1/15360,4161/60
4162,1065472,1/15360,4162/60
4163,1065728,1/15360,4163/60
4164,1065984,1/15360,4164/60
4165,1066240,1/15360,4165/60
4166,1066496,1/15360,4166/60
4167,1066752,1/15360,4167/60
4168,1067008,1/15360,4168/60
4169,1067264,1/15360,4169/60
4170,1067520,1/15360,4170/60
4171,1067776,1/15360,4171/60
4172,1068032,1/15360,4172/60
4173,1068288,1/15360,4173/60
4174,1068544,1/15360,4174/60
4175,1068800,1/15360,4175/60
4176,1069056,1/15360,4176/60
4177,1069312,1/15360,4177/60
4178,1069568,1/15360,4178/60
4179,1069824,1/15360,4179/60
4180,1070080,1/15360,4180/60
4181,1070336,1/15360,4181/60
4182,1070592,1/15360,4182/60
4183,1070848,1/15360,4183/60
4184,1071104,1/15360,4184/60
4185,1071360,1/15360,4185/60
4186,1071616,1/15360,4186/60
4187,1071872,1/15360,4187/60
4188,1072128,1/15360,4188/60
4189,1072384,1/15360,4189/60
4190,1072640,1/15360,4190/60
4191,1072896,1/15360,4191/60
4192,1073152,1/15360,4192/60
4193,1073408,1/15360,4193/60
4194,1073664,1/15360,4194/60
4195,1073920,1/15360,4195/60
4196,1074176,1/15360,4196/60
4197,1074432,1/15360,4197/60
4198,1074688,1/15360,4198/60
4199,1074944,1/15360,4199/60
4200,1075200,1/15360,4200/60
4201,1075456,1/15360,4201/60
4202,1075712,1/15360,4202/60
4203,1075968,1/15360,4203/60
4204,1076224,1/15360,4204/60
4205,1076480,1/15360,4205/60
4206,1076736,1/15360,4206/60
4207,1076992,1/15360,4207/60
4208,1077248,1/15360,4208/60
4209,1077504,1/15360,4209/60
4210,1077760,1/15360,4210/60
4211,1078016,1/15360,4211/60
4212,1078272,1/15360,4212/60
4213,1078528,1/15360,4213/60
4214,1078784,1/15360,4214/60
4215,1079040,1/15360,4215/60
4216,1079296,1/15360,4216/60
4217,1079552,1/15360,4217/60
4218,1079808,1/15360,4218/60
4219,1080064,1/15360,4219/60
4220,1080320,1/15360,4220/60
4221,1080576,1/15360,4221/60
4222,1080832,1/15360,4222/60
4223,1081088,1/15360,4223/60
4224,1081344,1/15360,4224/60
4225,1081600,1/15360,4225/60
4226,1081856,1/15360,4226/60
4227,1082112,1/15360,4227/60
4228,1082368,1/15360,4228/60
4229,1082624,1/15360,4229/60
4230,1082880,1/15360,4230/60
4231,1083136,1/15360,4231/60
4232,1083392,1/15360,4232/60
4233,1083648,1/15360,4233/60
4234,1083904,1/15360,4234/60
4235,1084160,1/15360,4235/60
4236,1084416,1/15360,4236/60
4237,1084672,1/15360,4237/60
4238,1084928,1/15360,4238/60
4239,1085184,1/15360,4239/60
4240,1085440,1/15360,4240/60
4241,1085696,1/15360,4241/60
4242,1085952,1/15360,4242/60
4243,1086208,1/15360,4243/60
4244,1086464,1/15360,4244/60
4245,1086720,1/15360,4245/60
4246,1086976,1/15360,4246/60
4247,1087232,1/15360,4247/60
4248,1087488,1/15360,4248/60
4249,1087744,1/15360,4249/60
4250,1088000,1/15360,4250/60
4251,1088256,1/15360,4251/60
4252,1088512,1/15360,4252/60
4253,1088768,1/15360,4253/60
4254,1089024,1/15360,4254/60
4255,1089280,1/15360,4255/60
4256,1089536,1/15360,4256/60
4257,1089792,1/15360,4257/60
4258,1090048,1/15360,4258/60
4259,1090304,1/15360,4259/60
4260,1090560,1/15360,4260/60
4261,1090816,1/15360,4261/60
4262,1091072,1/15360,4262/60
4263,1091328,1/15360,4263/60
4264,1091584,1/15360,4264/60
4265,1091840,1/15360,4265/60
4266,1092096,1/15360,4266/60
4267,1092352,1/15360,4267/60
4268,1092608,1/15360,4268/60
4269,1092864,1/15360,4269/60
4270,1093120,1/15360,4270/60
4271,1093376,1/15360,4271/60
4272,1093632,1/15360,4272/60
4273,1093888,1/15360,4273/60
4274,1094144,1/15360,4274/60
4275,1094400,1/15360,4275/60
4276,1094656,1/15360,4276/60
4277,1094912,1/15360,4277/60
4278,1095168,1/15360,4278/60
4279,1095424,1/15360,4279/60
4280,1095680,1/15360,4280/60
4281,1095936,1/15360,4281/60
4282,1096192,1/15360,4282/60
4283,1096448,1/15360,4283/60
4284,1096704,1/15360,4284/60
4285,1096960,1/15360,4285/60
4286,1097216,1/15360,4286/60
4287,1097472,1/15360,4287/60
4288,1097728,1/15360,4288/60
4289,1097984,1/15360,4289/60
4290,1098240,1/15360,4290/60
4291,1098496,1/15360,4291/60
4292,1098752,1/15360,4292/60
4293,1099008,1/15360,4293/60
4294,1099264,1/15360,4294/60
4295,1099520,1/15360,4295/60
4296,1099776,1/15360,4296/60
4297,1100032,1/15360,4297/60
4298,1100288,1/15360,4298/60
4299,1100544,1/15360,4299/60
4300,1100800,1/15360,4300/60
4301,1101056,1/15360,4301/60
4302,1101312,1/15360,4302/60
4303,1101568,1/15360,4303/60
4304,1101824,1/15360,4304/60
4305,1102080,1/15360,4305/60
4306,1102336,1/15360,4306/60
4307,1102592,1/15360,4307/60
4308,1102848,1/15360,4308/60
4309,1103104,1/15360,4309/60
4310,1103360,1/15360,4310/60
4311,1103616,1/15360,4311/60
4312,1103872,1/15360,4312/60
4313,1104128,1/15360,4313/60
4314,1104384,1/15360,4314/60
4315,1104640,1/15360,4315/60
4316,1104896,1/15360,4316/60
4317,1105152,1/15360,4317/60
4318,1105408,1/15360,4318/60
4319,1105664,1/15360,4319/60
4320,1105920,1/15360,4320/60
4321,1106176,1/15360,4321/60
4322,1106432,1/15360,4322/60
4323,1106688,1/15360,4323/60
4324,1106944,1/15360,4324/60
4325,1107200,1/15360,4325/60
4326,1107456,1/15360,4326/60
4327,1107712,1/15360,4327/60
4328,1107968,1/15360,4328/60
4329,1108224,1/15360,4329/60
4330,1108480,1/15360,4330/60
4331,1108736,1/15360,4331/60
4332,1108992,1/15360,4332/60
4333,1109248,1/15360,4333/60
4334,1109504,1/15360,4334/60
4335,1109760,1/15360,4335/60
4336,1110016,1/15360,4336/60
4337,1110272,1/15360,4337/60
4338,1110528,1/15360,4338/60
4339,1110784,1/15360,4339/60
4340,1111040,1/15360,4340/60
4341,1111296,1/15360,4341/60
4342,1111552,1/15360,4342/60
4343,1111808,1/15360,4343/60
4344,1112064,1/15360,4344/60
4345,1112320,1/15360,4345/60
4346,1112576,1/15360,4346/60
4347,1112832,1/15360,4347/60
4348,1113088,1/15360,4348/60
4349,1113344,1/15360,4349/60
4350,1113600,1/15360,4350/60
4351,1113856,1/15360,4351/60
4352,1114112,1/15360,4352/60
4353,1114368,1/15360,4353/60
4354,1114624,1/15360,4354/60
4355,1114880,1/15360,4355/60
4356,1115136,1/15360,4356/60
4357,1115392,1/15360,4357/60
4358,1115648,1/15360,4358/60
4359,1115904,1/15360,4359/60
4360,1116160,1/15360,4360/60
4361,1116416,1/15360,4361/60
4362,1116672,1/15360,4362/60
4363,1116928,1/15360,4363/60
4364,1117184,1/15360,4364/60
4365,1117440,1/15360,4365/60
4366,1117696,1/15360,4366/60
4367,1117952,1/15360,4367/60
4368,1118208,1/15360,4368/60
4369,1118464,1/15360,4369/60
4370,1118720,1/15360,4370/60
4371,1118976,1/15360,4371/60
4372,1119232,1/15360,4372/60
4373,1119488,1/15360,4373/60
4374,1119744,1/15360,4374/60
4375,1120000,1/15360,4375/60
4376,1120256,1/15360,4376/60
4377,1120512,1/15360,4377/60
4378,1120768,1/15360,4378/60
4379,1121024,1/15360,4379/60
4380,1121280,1/15360,4380/60
4381,1121536,1/15360,4381/60
4382,1121792,1/15360,4382/60
4383,1122048,1/15360,4383/60
4384,1122304,1/15360,4384/60
4385,1122560,1/15360,4385/60
4386,1122816,1/15360,4386/60
4387,1123072,1/15360,4387/60
4388,1123328,1/15360,4388/60
4389,1123584,1/15360,4389/60
4390,1123840,1/15360,4390/60
4391,1124096,1/15360,4391/60
4392,1124352,1/15360,4392/60
4393,1124608,1/15360,4393/60
4394,1124864,1/15360,4394/60
4395,1125120,1/15360,4395/60
4396,1125376,1/15360,4396/60
4397,1125632,1/15360,4397/60
4398,1125888,1/15360,4398/60
4399,1126144,1/15360,4399/60
4400,1126400,1/15360,4400/60
4401,1126656,1/15360,4401/60
4402,1126912,1/15360,4402/60
4403,1127168,1/15360,4403/60
4404,1127424,1/15360,4404/60
4405,1127680,1/15360,4405/60
4406,1127936,1/15360,4406/60
4407,1128192,1/15360,4407/60
4408,1128448,1/15360,4408/60
4409,1128704,1/15360,4409/60
4410,1128960,1/15360,4410/60
4411,1129216,1/15360,4411/60
4412,1129472,1/15360,4412/60
4413,1129728,1/15360,4413/60
4414,1129984,1/15360,4414/60
4415,1130240,1/15360,4415/60
4416,1130496,1/15360,4416/60
4417,1130752,1/15360,4417/60
4418,1131008,1/15360,4418/60
4419,1131264,1/15360,4419/60
4420,1131520,1/15360,4420/60
4421,1131776,1/15360,4421/60
4422,1132032,1/15360,4422/60
4423,1132288,1/15360,4423/60
4424,1132544,1/15360,4424/60
4425,1132800,1/15360,4425/60
4426,1133056,1/15360,4426/60
4427,1133312,1/15360,4427/60
4428,1133568,1/15360,4428/60
4429,1133824,1/15360,4429/60
4430,1134080,1/15360,4430/60
4431,1134336,1/15360,4431/60
4432,1134592,1/15360,4432/60
4433,1134848,1/15360,4433/60
4434,1135104,1/15360,4434/60
4435,1135360,1/15360,4435/60
4436,1135616,1/15360,4436/60
4437,1135872,1/15360,4437/60
4438,1136128,1/15360,4438/60
4439,1136384,1/15360,4439/60
4440,1136640,1/15360,4440/60
4441,1136896,1/15360,4441/60
4442,1137152,1/15360,4442/60
4443,1137408,1/15360,4443/60
4444,1137664,1/15360,4444/60
4445,1137920,1/15360,4445/60
4446,1138176,1/15360,4446/60
4447,1138432,1/15360,4447/60
4448,1138688,1/15360,4448/60
4449,1138944,1/15360,4449/60
4450,1139200,1/15360,4450/60
4451,1139456,1/15360,4451/60
4452,1139712,1/15360,4452/60
4453,1139968,1/15360,4453/60
4454,1140224,1/15360,4454/60
4455,1140480,1/15360,4455/60
4456,1140736,1/15360,4456/60
4457,1140992,1/15360,4457/60
4458,1141248,1/15360,4458/60
4459,1141504,1/15360,4459/60
4460,1141760,1/15360,4460/60
4461,1142016,1/15360,4461/60
4462,1142272,1/15360,4462/60
4463,1142528,1/15360,4463/60
4464,1142784,1/15360,4464/60
4465,1143040,1/15360,4465/60
4466,1143296,1/15360,4466/60
4467,1143552,1/15360,4467/60
4468,1143808,1/15360,4468/60
4469,1144064,1/15360,4469/60
4470,1144320,1/15360,4470/60
4471,1144576,1/15360,4471/60
4472,1144832,1/15360,4472/60
4473,1145088,1/15360,4473/60
4474,1145344,1/15360,4474/60
4475,1145600,1/15360,4475/60
4476,1145856,1/15360,4476/60
4477,1146112,1/15360,4477/60
4478,1146368,1/15360,4478/60
4479,1146624,1/15360,4479/60
4480,1146880,1/15360,4480/60
4481,1147136,1/15360,4481/60
4482,1147392,1/15360,4482/60
4483,1147648,1/15360,4483/60
4484,1147904,1/15360,4484/60
4485,1148160,1/15360,4485/60
4486,1148416,1/15360,4486/60
4487,1148672,1/15360,4487/60
4488,1148928,1/15360,4488/60
4489,1149184,1/15360,4489/60
4490,1149440,1/15360,4490/60
4491,1149696,1/15360,4491/60
4492,1149952,1/15360,4492/60
4493,1150208,1/15360,4493/60
4494,1150464,1/15360,4494/60
4495,1150720,1/15360,4495/60
4496,1150976,1/15360,4496/60
4497,1151232,1/15360,4497/60
4498,1151488,1/15360,4498/60
4499,1151744,1/15360,4499/60
4500,1152000,1/15360,4500/60
4501,1152256,1/15360,4501/60
4502,1152512,1/15360,4502/60
4503,1152768,1/15360,4503/60
4504,1153024,1/15360,4504/60
4505,1153280,1/15360,4505/60
4506,1153536,1/15360,4506/60
4507,1153792,1/15360,4507/60
4508,1154048,1/15360,4508/60
4509,1154304,1/15360,4509/60
4510,1154560,1/15360,4510/60
4511,1154816,1/15360,4511/60
4512,1155072,1/15360,4512/60
4513,1155328,1/15360,4513/60
4514,1155584,1/15360,4514/60
4515,1155840,1/15360,4515/60
4516,1156096,1/15360,4516/60
4517,1156352,1/15360,4517/60
4518,1156608,1/15360,4518/60
4519,1156864,1/15360,4519/60
4520,1157120,1/15360,4520/60
4521,1157376,1/15360,4521/60
4522,1157632,1/15360,4522/60
4523,1157888,1/15360,4523/60
4524,1158144,1/15360,4524/60
4525,1158400,1/15360,4525/60
4526,1158656,1/15360,4526/60
4527,1158912,1/15360,4527/60
4528,1159168,1/15360,4528/60
4529,1159424,1/15360,4529/60
4530,1159680,1/15360,4530/60
4531,1159936,1/15360,4531/60
4532,1160192,1/15360,4532/60
4533,1160448,1/15360,4533/60
4534,1160704,1/15360,4534/60
4535,1160960,1/15360,4535/60
4536,1161216,1/15360,4536/60
4537,1161472,1/15360,4537/60
4538,1161728,1/15360,4538/60
4539,1161984,1/15360,4539/60
4540,1162240,1/15360,4540/60
4541,1162496,1/15360,4541/60
4542,1162752,1/15360,4542/60
4543,1163008,1/15360,4543/60
4544,1163264,1/15360,4544/60
4545,1163520,1/15360,4545/60
4546,1163776,1/15360,4546/60
4547,1164032,1/15360,4547/60
4548,1164288,1/15360,4548/60
4549,1164544,1/15360,4549/60
4550,1164800,1/15360,4550/60
4551,1165056,1/15360,4551/60
4552,1165312,1/15360,4552/60
4553,1165568,1/15360,4553/60
4554,1165824,1/15360,4554/60
4555,1166080,1/15360,4555/60
4556,1166336,1/15360,4556/60
4557,1166592,1/15360,4557/60
4558,1166848,1/15360,4558/60
4559,1167104,1/15360,4559/60
4560,1167360,1/15360,4560/60
4561,1167616,1/15360,4561/60
4562,1167872,1/15360,4562/60
4563,1168128,1/15360,4563/60
4564,1168384,1/15360,4564/60
4565,1168640,1/15360,4565/60
4566,1168896,1/15360,4566/60
4567,1169152,1/15360,4567/60
4568,1169408,1/15360,4568/60
4569,1169664,1/15360,4569/60
4570,1169920,1/15360,4570/60
4571,1170176,1/15360,4571/60
4572,1170432,1/15360,4572/60
4573,1170688,1/15360,4573/60
4574,1170944,1/15360,4574/60
4575,1171200,1/15360,4575/60
4576,1171456,1/15360,4576/60
4577,1171712,1/15360,4577/60
4578,1171968,1/15360,4578/60
4579,1172224,1/15360,4579/60
4580,1172480,1/15360,4580/60
4581,1172736,1/15360,4581/60
4582,1172992,1/15360,4582/60
4583,1173248,1/15360,4583/60
4584,1173504,1/15360,4584/60
4585,1173760,1/15360,4585/60
4586,1174016,1/15360,4586/60
4587,1174272,1/15360,4587/60
4588,1174528,1/15360,4588/60
4589,1174784,1/15360,4589/60
4590,1175040,1/15360,4590/60
4591,1175296,1/15360,4591/60
4592,1175552,1/15360,4592/60
4593,1175808,1/15360,4593/60
4594,1176064,1/15360,4594/60
4595,1176320,1/15360,4595/60
4596,1176576,1/15360,4596/60
4597,1176832,1/15360,4597/60
4598,1177088,1/15360,4598/60
4599,1177344,1/15360,4599/60
4600,1177600,1/15360,4600/60
4601,1177856,1/15360,4601/60
4602,1178112,1/15360,4602/60
4603,1178368,1/15360,4603/60
4604,1178624,1/15360,4604/60
4605,1178880,1/15360,4605/60
4606,1179136,1/15360,4606/60
4607,1179392,1/15360,4607/60
4608,1179648,1/15360,4608/60
4609,1179904,1/15360,4609/60
4610,1180160,1/15360,4610/60
4611,1180416,1/15360,4611/60
4612,1180672,1/15360,4612/60
4613,1180928,1/15360,4613/60
4614,1181184,1/15360,4614/60
4615,1181440,1/15360,4615/60
4616,1181696,1/15360,4616/60
4617,1181952,1/15360,4617/60
4618,1182208,1/15360,4618/60
4619,1182464,1/15360,4619/60
4620,1182720,1/15360,4620/60
4621,1182976,1/15360,4621/60
4622,1183232,1/15360,4622/60
4623,1183488,1/15360,4623/60
4624,1183744,1/15360,4624/60
4625,1184000,1/15360,4625/60
4626,1184256,1/15360,4626/60
4627,1184512,1/15360,4627/60
4628,1184768,1/15360,4628/60
4629,1185024,1/15360,4629/60
4630,1185280,1/15360,4630/60
4631,1185536,1/15360,4631/60
4632,1185792,1/15360,4632/60
4633,1186048,1/15360,4633/60
4634,1186304,1/15360,4634/60
4635,1186560,1/15360,4635/60
4636,1186816,1/15360,4636/60
4637,1187072,1/15360,4637/60
4638,1187328,1/15360,4638/60
4639,1187584,1/15360,4639/60
4640,1187840,1/15360,4640/60
4641,1188096,1/15360,4641/60
4642,1188352,1/15360,4642/60
4643,1188608,1/15360,4643/60
4644,1188864,1/15360,4644/60
4645,1189120,1/15360,4645/60
4646,1189376,1/15360,4646/60
4647,1189632,1/15360,4647/60
4648,1189888,1/15360,4648/60
4649,1190144,1/15360,4649/60
4650,1190400,1/15360,4650/60
4651,1190656,1/15360,4651/60
4652,1190912,1/15360,4652/60
4653,1191168,1/15360,4653/60
4654,1191424,1/15360,4654/60
4655,1191680,1/15360,4655/60
4656,1191936,1/15360,4656/60
4657,1192192,1/15360,4657/60
4658,1192448,1/15360,4658/60
4659,1192704,1/15360,4659/60
4660,1192960,1/15360,4660/60
4661,1193216,1/15360,4661/60
4662,1193472,1/15360,4662/60
4663,1193728,1/15360,4663/60
4664,1193984,1/15360,4664/60
4665,1194240,1/15360,4665/60
4666,1194496,1/15360,4666/60
4667,1194752,1/15360,4667/60
4668,1195008,1/15360,4668/60
4669,1195264,1/15360,4669/60
4670,1195520,1/15360,4670/60
4671,1195776,1/15360,4671/60
4672,1196032,1/15360,4672/60
4673,1196288,1/15360,4673/60
4674,1196544,1/15360,4674/60
4675,1196800,1/15360,4675/60
4676,1197056,1/15360,4676/60
4677,1197312,1/15360,4677/60
4678,1197568,1/15360,4678/60
4679,1197824,1/15360,4679/60
4680,1198080,1/15360,4680/60
4681,1198336,1/15360,4681/60
4682,1198592,1/15360,4682/60
4683,1198848,1/15360,4683/60
4684,1199104,1/15360,4684/60
4685,1199360,1/15360,4685/60
4686,1199616,1/15360,4686/60
4687,1199872,1/15360,4687/60
4688,1200128,1/15360,4688/60
4689,1200384,1/15360,4689/60
4690,1200640,1/15360,4690/60
4691,1200896,1/15360,4691/60
4692,1201152,1/15360,4692/60
4693,1201408,1/15360,4693/60
4694,1201664,1/15360,4694/60
4695,1201920,1/15360,4695/60
4696,1202176,1/15360,4696/60
4697,1202432,1/15360,4697/60
4698,1202688,1/15360,4698/60
4699,1202944,1/15360,4699/60
4700,1203200,1/15360,4700/60
4701,1203456,1/15360,4701/60
4702,1203712,1/15360,4702/60
4703,1203968,1/15360,4703/60
4704,1204224,1/15360,4704/60
4705,1204480,1/15360,4705/60
4706,1204736,1/15360,4706/60
4707,1204992,1/15360,4707/60
4708,1205248,1/15360,4708/60
4709,1205504,1/15360,4709/60
4710,1205760,1/15360,4710/60
4711,1206016,1/15360,4711/60
4712,1206272,1/15360,4712/60
4713,1206528,1/15360,4713/60
4714,1206784,1/15360,4714/60
4715,1207040,1/15360,4715/60
4716,1207296,1/15360,4716/60
4717,1207552,1/15360,4717/60
4718,1207808,1/15360,4718/60
4719,1208064,1/15360,4719/60
4720,1208320,1/15360,4720/60
4721,1208576,1/15360,4721/60
4722,1208832,1/15360,4722/60
4723,1209088,1/15360,4723/60
4724,1209344,1/15360,4724/60
4725,1209600,1/15360,4725/60
4726,1209856,1/15360,4726/60
4727,1210112,1/15360,4727/60
4728,1210368,1/15360,4728/60
4729,1210624,1/15360,4729/60
4730,1210880,1/15360,4730/60
4731,1211136,1/15360,4731/60
4732,1211392,1/15360,4732/60
4733,1211648,1/15360,4733/60
4734,1211904,1/15360,4734/60
4735,1212160,1/15360,4735/60
4736,1212416,1/15360,4736/60
4737,1212672,1/15360,4737/60
4738,1212928,1/15360,4738/60
4739,1213184,1/15360,4739/60
4740,1213440,1/15360,4740/60
4741,1213696,1/15360,4741/60
4742,1213952,1/15360,4742/60
4743,1214208,1/15360,4743/60
4744,1214464,1/15360,4744/60
4745,1214720,1/15360,4745/60
4746,1214976,1/15360,4746/60
4747,1215232,1/15360,4747/60
4748,1215488,1/15360,4748/60
4749,1215744,1/15360,4749/60
4750,1216000,1/15360,4750/60
4751,1216256,1/15360,4751/60
4752,1216512,1/15360,4752/60
4753,1216768,1/15360,4753/60
4754,1217024,1/15360,4754/60
4755,1217280,1/15360,4755/60
4756,1217536,1/15360,4756/60
4757,1217792,1/15360,4757/60
4758,1218048,1/15360,4758/60
4759,1218304,1/15360,4759/60
4760,1218560,1/15360,4760/60
4761,1218816,1/15360,4761/60
4762,1219072,1/15360,4762/60
4763,1219328,1/15360,4763/60
4764,1219584,1/15360,4764/60
4765,1219840,1/15360,4765/60
4766,1220096,1/15360,4766/60
4767,1220352,1/15360,4767/60
4768,1220608,1/15360,4768/60
4769,1220864,1/15360,4769/60
4770,1221120,1/15360,4770/60
4771,1221376,1/15360,4771/60
4772,1221632,1/15360,4772/60
4773,1221888,1/15360,4773/60
4774,1222144,1/15360,4774/60
4775,1222400,1/15360,4775/60
4776,1222656,1/15360,4776/60
4777,1222912,1/15360,4777/60
4778,1223168,1/15360,4778/60
4779,1223424,1/15360,4779/60
4780,1223680,1/15360,4780/60
4781,1223936,1/15360,4781/60
4782,1224192,1/15360,4782/60
4783,1224448,1/15360,4783/60
4784,1224704,1/15360,4784/60
4785,1224960,1/15360,4785/60
4786,1225216,1/15360,4786/60
4787,1225472,1/15360,4787/60
4788,1225728,1/15360,4788/60
4789,1225984,1/15360,4789/60
4790,1226240,1/15360,4790/60
4791,1226496,1/15360,4791/60
4792,1226752,1/15360,4792/60
4793,1227008,1/15360,4793/60
4794,1227264,1/15360,4794/60
4795,1227520,1/15360,4795/60
4796,1227776,1/15360,4796/60
4797,1228032,1/15360,4797/60
4798,1228288,1/15360,4798/60
4799,1228544,1/15360,4799/60
4800,1228800,1/15360,4800/60
4801,1229056,1/15360,4801/60
4802,1229312,1/15360,4802/60
4803,1229568,1/15360,4803/60
4804,1229824,1/15360,4804/60
4805,1230080,1/15360,4805/60
4806,1230336,1/15360,4806/60
4807,1230592,1/15360,4807/60
4808,1230848,1/15360,4808/60
4809,1231104,1/15360,4809/60
4810,1231360,1/15360,4810/60
4811,1231616,1/15360,4811/60
4812,1231872,1/15360,4812/60
4813,1232128,1/15360,4813/60
4814,1232384,1/15360,4814/60
4815,1232640,1/15360,4815/60
4816,1232896,1/15360,4816/60
4817,1233152,1/15360,4817/60
4818,1233408,1/15360,4818/60
4819,1233664,1/15360,4819/60
4820,1233920,1/15360,4820/60
4821,1234176,1/15360,4821/60
4822,1234432,1/15360,4822/60
4823,1234688,1/15360,4823/60
4824,1234944,1/15360,4824/60
4825,1235200,1/15360,4825/60
4826,1235456,1/15360,4826/60
4827,1235712,1/15360,4827/60
4828,1235968,1/15360,4828/60
4829,1236224,1/15360,4829/60
4830,1236480,1/15360,4830/60
4831,1236736,1/15360,4831/60
4832,1236992,1/15360,4832/60
4833,1237248,1/15360,4833/60
4834,1237504,1/15360,4834/60
4835,1237760,1/15360,4835/60
4836,1238016,1/15360,4836/60
4837,1238272,1/15360,4837/60
4838,1238528,1/15360,4838/60
4839,1238784,1/15360,4839/60
4840,1239040,1/15360,4840/60
4841,1239296,1/15360,4841/60
4842,1239552,1/15360,4842/60
4843,1239808,1/15360,4843/60
4844,1240064,1/15360,4844/60
4845,1240320,1/15360,4845/60
4846,1240576,1/15360,4846/60
4847,1240832,1/15360,4847/60
4848,1241088,1/15360,4848/60
4849,1241344,1/15360,4849/60
4850,1241600,1/15360,4850/60
4851,1241856,1/15360,4851/60
4852,1242112,1/15360,4852/60
4853,1242368,1/15360,4853/60
4854,1242624,1/15360,4854/60
4855,1242880,1/15360,4855/60
4856,1243136,1/15360,4856/60
4857,1243392,1/15360,4857/60
4858,1243648,1/15360,4858/60
4859,1243904,1/15360,4859/60
4860,1244160,1/15360,4860/60
4861,1244416,1/15360,4861/60
4862,1244672,1/15360,4862/60
4863,1244928,1/15360,4863/60
4864,1245184,1/15360,4864/60
4865,1245440,1/15360,4865/60
4866,1245696,1/15360,4866/60
4867,1245952,1/15360,4867/60
4868,1246208,1/15360,4868/60
4869,1246464,1/15360,4869/60
4870,1246720,1/15360,4870/60
4871,1246976,1/15360,4871/60
4872,1247232,1/15360,4872/60
4873,1247488,1/15360,4873/60
4874,1247744,1/15360,4874/60
4875,1248000,1/15360,4875/60
4876,1248256,1/15360,4876/60
4877,1248512,1/15360,4877/60
4878,1248768,1/15360,4878/60
4879,1249024,1/15360,4879/60
4880,1249280,1/15360,4880/60
4881,1249536,1/15360,4881/60
4882,1249792,1/15360,4882/60
4883,1250048,1/15360,4883/60
4884,1250304,1/15360,4884/60
4885,1250560,1/15360,4885/60
4886,1250816,1/15360,4886/60
4887,1251072,1/15360,4887/60
4888,1251328,1/15360,4888/60
4889,1251584,1/15360,4889/60
4890,1251840,1/15360,4890/60
4891,1252096,1/15360,4891/60
4892,1252352,1/15360,4892/60
4893,1252608,1/15360,4893/60
4894,1252864,1/15360,4894/60
4895,1253120,1/15360,4895/60
4896,1253376,1/15360,4896/60
4897,1253632,1/15360,4897/60
4898,1253888,1/15360,4898/60
4899,1254144,1/15360,4899/60
4900,1254400,1/15360,4900/60
4901,1254656,1/15360,4901/60
4902,1254912,1/15360,4902/60
4903,1255168,1/15360,4903/60
4904,1255424,1/15360,4904/60
4905,1255680,1/15360,4905/60
4906,1255936,1/15360,4906/60
4907,1256192,1/15360,4907/60
4908,1256448,1/15360,4908/60
4909,1256704,1/15360,4909/60
4910,1256960,1/15360,4910/60
4911,1257216,1/15360,4911/60
4912,1257472,1/15360,4912/60
4913,1257728,1/15360,4913/60
4914,1257984,1/15360,4914/60
4915,1258240,1/15360,4915/60
4916,1258496,1/15360,4916/60
4917,1258752,1/15360,4917/60
4918,1259008,1/15360,4918/60
4919,1259264,1/15360,4919/60
4920,1259520,1/15360,4920/60
4921,1259776,1/15360,4921/60
4922,1260032,1/15360,4922/60
4923,1260288,1/15360,4923/60
4924,1260544,1/15360,4924/60
4925,1260800,1/15360,4925/60
4926,1261056,1/15360,4926/60
4927,1261312,1/15360,4927/60
4928,1261568,1/15360,4928/60
4929,1261824,1/15360,4929/60
4930,1262080,1/15360,4930/60
4931,1262336,1/15360,4931/60
4932,1262592,1/15360,4932/60
4933,1262848,1/15360,4933/60
4934,1263104,1/15360,4934/60
4935,1263360,1/15360,4935/60
4936,1263616,1/15360,4936/60
4937,1263872,1/15360,4937/60
4938,1264128,1/15360,4938/60
4939,1264384,1/15360,4939/60
4940,1264640,1/15360,4940/60
4941,1264896,1/15360,4941/60
4942,1265152,1/15360,4942/60
4943,1265408,1/15360,4943/60
4944,1265664,1/15360,4944/60
4945,1265920,1/15360,4945/60
4946,1266176,1/15360,4946/60
4947,1266432,1/15360,4947/60
4948,1266688,1/15360,4948/60
4949,1266944,1/15360,4949/60
4950,1267200,1/15360,4950/60
4951,1267456,1/15360,4951/60
4952,1267712,1/15360,4952/60
4953,1267968,1/15360,4953/60
4954,1268224,1/15360,4954/60
4955,1268480,1/15360,4955/60
4956,1268736,1/15360,4956/60
4957,1268992,1/15360,4957/60
4958,1269248,1/15360,4958/60
4959,1269504,1/15360,4959/60
4960,1269760,1/15360,4960/60
4961,1270016,1/15360,4961/60
4962,1270272,1/15360,4962/60
4963,1270528,1/15360,4963/60
4964,1270784,1/15360,4964/60
4965,1271040,1/15360,4965/60
4966,1271296,1/15360,4966/60
4967,1271552,1/15360,4967/60
4968,1271808,1/15360,4968/60
4969,1272064,1/15360,4969/60
4970,1272320,1/15360,4970/60
4971,1272576,1/15360,4971/60
4972,1272832,1/15360,4972/60
4973,1273088,1/15360,4973/60
4974,1273344,1/15360,4974/60
4975,1273600,1/15360,4975/60
4976,1273856,1/15360,4976/60
4977,1274112,1/15360,4977/60
4978,1274368,1/15360,4978/60
4979,1274624,1/15360,4979/60
4980,1274880,1/15360,4980/60
4981,1275136,1/15360,4981/60
4982,1275392,1/15360,4982/60
4983,1275648,1/15360,4983/60
4984,1275904,1/15360,4984/60
4985,1276160,1/15360,4985/60
4986,1276416,1/15360,4986/60
4987,1276672,1/15360,4987/60
4988,1276928,1/15360,4988/60
4989,1277184,1/15360,4989/60
4990,1277440,1/15360,4990/60
4991,1277696,1/15360,4991/60
4992,1277952,1/15360,4992/60
4993,1278208,1/15360,4993/60
4994,1278464,1/15360,4994/60
4995,1278720,1/15360,4995/60
4996,1278976,1/15360,4996/60
4997,1279232,1/15360,4997/60
4998,1279488,1/15360,4998/60
4999,1279744,1/15360,4999/60
5000,1280000,1/15360,5000/60
5001,1280256,1/15360,5001/60
5002,1280512,1/15360,5002/60
5003,1280768,1/15360,5003/60
5004,1281024,1/15360,5004/60
5005,1281280,1/15360,5005/60
5006,1281536,1/15360,5006/60
5007,1281792,1/15360,5007/60
5008,1282048,1/15360,5008/60
5009,1282304,1/15360,5009/60
5010,1282560,1/15360,5010/60
5011,1282816,1/15360,5011/60
5012,1283072,1/15360,5012/60
5013,1283328,1/15360,5013/60
5014,1283584,1/15360,5014/60
5015,1283840,1/15360,5015/60
5016,1284096,1/15360,5016/60
5017,1284352,1/15360,5017/60
5018,1284608,1/15360,5018/60
5019,1284864,1/15360,5019/60
5020,1285120,1/15360,5020/60
5021,1285376,1/15360,5021/60
5022,1285632,1/15360,5022/60
5023,1285888,1/15360,5023/60
5024,1286144,1/15360,5024/60
5025,1286400,1/15360,5025/60
5026,1286656,1/15360,5026/60
5027,1286912,1/15360,5027/60
5028,1287168,1/15360,5028/60
5029,1287424,1/15360,5029/60
5030,1287680,1/15360,5030/60
5031,1287936,1/15360,5031/60
5032,1288192,1/15360,5032/60
5033,1288448,1/15360,5033/60
5034,1288704,1/15360,5034/60
5035,1288960,1/15360,5035/60
5036,1289216,1/15360,5036/60
5037,1289472,1/15360,5037/60
5038,1289728,1/15360,5038/60
5039,1289984,1/15360,5039/60
5040,1290240,1/15360,5040/60
5041,1290496,1/15360,5041/60
5042,1290752,1/15360,5042/60
5043,1291008,1/15360,5043/60
5044,1291264,1/15360,5044/60
5045,1291520,1/15360,5045/60
5046,1291776,1/15360,5046/60
5047,1292032,1/15360,5047/60
5048,1292288,1/15360,5048/60
5049,1292544,1/15360,5049/60
5050,1292800,1/15360,5050/60
5051,1293056,1/15360,5051/60
5052,1293312,1/15360,5052/60
5053,1293568,1/15360,5053/60
5054,1293824,1/15360,5054/60
5055,1294080,1/15360,5055/60
5056,1294336,1/15360,5056/60
5057,1294592,1/15360,5057/60
5058,1294848,1/15360,5058/60
5059,1295104,1/15360,5059/60
5060,1295360,1/15360,5060/60
5061,1295616,1/15360,5061/60
5062,1295872,1/15360,5062/60
5063,1296128,1/15360,5063/60
5064,1296384,1/15360,5064/60
5065,1296640,1/15360,5065/60
5066,1296896,1/15360,5066/60
5067,1297152,1/15360,5067/60
5068,1297408,1/15360,5068/60
5069,1297664,1/15360,5069/60
5070,1297920,1/15360,5070/60
5071,1298176,1/15360,5071/60
5072,1298432,1/15360,5072/60
5073,1298688,1/15360,5073/60
5074,1298944,1/15360,5074/60
5075,1299200,1/15360,5075/60
5076,1299456,1/15360,5076/60
5077,1299712,1/15360,5077/60
5078,1299968,1/15360,5078/60
5079,1300224,1/15360,5079/60
5080,1300480,1/15360,5080/60
5081,1300736,1/15360,5081/60
5082,1300992,1/15360,5082/60
5083,1301248,1/15360,5083/60
5084,1301504,1/15360,5084/60
5085,1301760,1/15360,5085/60
5086,1302016,1/15360,5086/60
5087,1302272,1/15360,5087/60
5088,1302528,1/15360,5088/60
5089,1302784,1/15360,5089/60
5090,1303040,1/15360,5090/60
5091,1303296,1/15360,5091/60
5092,1303552,1/15360,5092/60
5093,1303808,1/15360,5093/60
5094,1304064,1/15360,5094/60
5095,1304320,1/15360,5095/60
5096,1304576,1/15360,5096/60
5097,1304832,1/15360,5097/60
5098,1305088,1/15360,5098/60
5099,1305344,1/15360,5099/60
5100,1305600,1/15360,5100/60
5101,1305856,1/15360,5101/60
5102,1306112,1/15360,5102/60
5103,1306368,1/15360,5103/60
5104,1306624,1/15360,5104/60
5105,1306880,1/15360,5105/60
5106,1307136,1/15360,5106/60
5107,1307392,1/15360,5107/60
5108,1307648,1/15360,5108/60
5109,1307904,1/15360,5109/60
5110,1308160,1/15360,5110/60
5111,1308416,1/15360,5111/60
5112,1308672,1/15360,5112/60
5113,1308928,1/15360,5113/60
5114,1309184,1/15360,5114/60
5115,1309440,1/15360,5115/60
5116,1309696,1/15360,5116/60
5117,1309952,1/15360,5117/60
5118,1310208,1/15360,5118/60
5119,1310464,1/15360,5119/60
5120,1310720,1/15360,5120/60
5121,1310976,1/15360,5121/60
5122,1311232,1/15360,5122/60
5123,1311488,1/15360,5123/60
5124,1311744,1/15360,5124/60
5125,1312000,1/15360,5125/60
5126,1312256,1/15360,5126/60
5127,1312512,1/15360,5127/60
5128,1312768,1/15360,5128/60
5129,1313024,1/15360,5129/60
5130,1313280,1/15360,5130/60
5131,1313536,1/15360,5131/60
5132,1313792,1/15360,5132/60
5133,1314048,1/15360,5133/60
5134,1314304,1/15360,5134/60
5135,1314560,1/15360,5135/60
5136,1314816,1/15360,5136/60
5137,1315072,1/15360,5137/60
5138,1315328,1/15360,5138/60
5139,1315584,1/15360,5139/60
5140,1315840,1/15360,5140/60
5141,1316096,1/15360,5141/60
5142,1316352,1/15360,5142/60
5143,1316608,1/15360,5143/60
5144,1316864,1/15360,5144/60
5145,1317120,1/15360,5145/60
5146,1317376,1/15360,5146/60
5147,1317632,1/15360,5147/60
5148,1317888,1/15360,5148/60
5149,1318144,1/15360,5149/60
5150,1318400,1/15360,5150/60
5151,1318656,1/15360,5151/60
5152,1318912,1/15360,5152/60
5153,1319168,1/15360,5153/60
5154,1319424,1/15360,5154/60
5155,1319680,1/15360,5155/60
5156,1319936,1/15360,5156/60
5157,1320192,1/15360,5157/60
5158,1320448,1/15360,5158/60
5159,1320704,1/15360,5159/60
5160,1320960,1/15360,5160/60
5161,1321216,1/15360,5161/60
5162,1321472,1/15360,5162/60
5163,1321728,1/15360,5163/60
5164,1321984,1/15360,5164/60
5165,1322240,1/15360,5165/60
5166,1322496,1/15360,5166/60
5167,1322752,1/15360,5167/60
5168,1323008,1/15360,5168/60
5169,1323264,1/15360,5169/60
5170,1323520,1/15360,5170/60
5171,1323776,1/15360,5171/60
5172,1324032,1/15360,5172/60
5173,1324288,1/15360,5173/60
5174,1324544,1/15360,5174/60
5175,1324800,1/15360,5175/60
5176,1325056,1/15360,5176/60
5177,1325312,1/15360,5177/60
5178,1325568,1/15360,5178/60
5179,1325824,1/15360,5179/60
5180,1326080,1/15360,5180/60
5181,1326336,1/15360,5181/60
5182,1326592,1/15360,5182/60
5183,1326848,1/15360,5183/60
5184,1327104,1/15360,5184/60
5185,1327360,1/15360,5185/60
5186,1327616,1/15360,5186/60
5187,1327872,1/15360,5187/60
5188,1328128,1/15360,5188/60
5189,1328384,1/15360,5189/60
5190,1328640,1/15360,5190/60
5191,1328896,1/15360,5191/60
5192,1329152,1/15360,5192/60
5193,1329408,1/15360,5193/60
5194,1329664,1/15360,5194/60
5195,1329920,1/15360,5195/60
5196,1330176,1/15360,5196/60
5197,1330432,1/15360,5197/60
5198,1330688,1/15360,5198/60
5199,1330944,1/15360,5199/60
5200,1331200,1/15360,5200/60
5201,1331456,1/15360,5201/60
5202,1331712,1/15360,5202/60
5203,1331968,1/15360,5203/60
5204,1332224,1/15360,5204/60
5205,1332480,1/15360,5205/60
5206,1332736,1/15360,5206/60
5207,1332992,1/15360,5207/60
5208,1333248,1/15360,5208/60
5209,1333504,1/15360,5209/60
5210,1333760,1/15360,5210/60
5211,1334016,1/15360,5211/60
5212,1334272,1/15360,5212/60
5213,1334528,1/15360,5213/60
5214,1334784,1/15360,5214/60
5215,1335040,1/15360,5215/60
5216,1335296,1/15360,5216/60
5217,1335552,1/15360,5217/60
5218,1335808,1/15360,5218/60
5219,1336064,1/15360,5219/60
5220,1336320,1/15360,5220/60
5221,1336576,1/15360,5221/60
5222,1336832,1/15360,5222/60
5223,1337088,1/15360,5223/60
5224,1337344,1/15360,5224/60
5225,1337600,1/15360,5225/60
5226,1337856,1/15360,5226/60
5227,1338112,1/15360,5227/60
5228,1338368,1/15360,5228/60
5229,1338624,1/15360,5229/60
5230,1338880,1/15360,5230/60
5231,1339136,1/15360,5231/60
5232,1339392,1/15360,5232/60
5233,1339648,1/15360,5233/60
5234,1339904,1/15360,5234/60
5235,1340160,1/15360,5235/60
5236,1340416,1/15360,5236/60
5237,1340672,1/15360,5237/60
5238,1340928,1/15360,5238/60
5239,1341184,1/15360,5239/60
5240,1341440,1/15360,5240/60
5241,1341696,1/15360,5241/60
5242,1341952,1/15360,5242/60
5243,1342208,1/15360,5243/60
5244,1342464,1/15360,5244/60
5245,1342720,1/15360,5245/60
5246,1342976,1/15360,5246/60
5247,1343232,1/15360,5247/60
5248,1343488,1/15360,5248/60
5249,1343744,1/15360,5249/60
5250,1344000,1/15360,5250/60
5251,1344256,1/15360,5251/60
5252,1344512,1/15360,5252/60
5253,1344768,1/15360,5253/60
5254,1345024,1/15360,5254/60
5255,1345280,1/15360,5255/60
5256,1345536,1/15360,5256/60
5257,1345792,1/15360,5257/60
5258,1346048,1/15360,5258/60
5259,1346304,1/15360,5259/60
5260,1346560,1/15360,5260/60
5261,1346816,1/15360,5261/60
5262,1347072,1/15360,5262/60
5263,1347328,1/15360,5263/60
5264,1347584,1/15360,5264/60
5265,1347840,1/15360,5265/60
5266,1348096,1/15360,5266/60
5267,1348352,1/15360,5267/60
5268,1348608,1/15360,5268/60
5269,1348864,1/15360,5269/60
5270,1349120,1/15360,5270/60
5271,1349376,1/15360,5271/60
5272,1349632,1/15360,5272/60
5273,1349888,1/15360,5273/60
5274,1350144,1/15360,5274/60
5275,1350400,1/15360,5275/60
5276,1350656,1/15360,5276/60
5277,1350912,1/15360,5277/60
5278,1351168,1/15360,5278/60
5279,1351424,1/15360,5279/60
5280,1351680,1/15360,5280/60
5281,1351936,1/15360,5281/60
5282,1352192,1/15360,5282/60
5283,1352448,1/15360,5283/60
5284,1352704,1/15360,5284/60
5285,1352960,1/15360,5285/60
5286,1353216,1/15360,5286/60
5287,1353472,1/15360,5287/60
5288,1353728,1/15360,5288/60
5289,1353984,1/15360,5289/60
5290,1354240,1/15360,5290/60
5291,1354496,1/15360,5291/60
5292,1354752,1/15360,5292/60
5293,1355008,1/15360,5293/60
5294,1355264,1/15360,5294/60
5295,1355520,1/15360,5295/60
5296,1355776,1/15360,5296/60
5297,1356032,1/15360,5297/60
5298,1356288,1/15360,5298/60
5299,1356544,1/15360,5299/60
5300,1356800,1/15360,5300/60
5301,1357056,1/15360,5301/60
5302,1357312,1/15360,5302/60
5303,1357568,1/15360,5303/60
5304,1357824,1/15360,5304/60
5305,1358080,1/15360,5305/60
5306,1358336,1/15360,5306/60
5307,1358592,1/15360,5307/60
5308,1358848,1/15360,5308/60
5309,1359104,1/15360,5309/60
5310,1359360,1/15360,5310/60
5311,1359616,1/15360,5311/60
5312,1359872,1/15360,5312/60
5313,1360128,1/15360,5313/60
5314,1360384,1/15360,5314/60
5315,1360640,1/15360,5315/60
5316,1360896,1/15360,5316/60
5317,1361152,1/15360,5317/60
5318,1361408,1/15360,5318/60
5319,1361664,1/15360,5319/60
5320,1361920,1/15360,5320/60
5321,1362176,1/15360,5321/60
5322,1362432,1/15360,5322/60
5323,1362688,1/15360,5323/60
5324,1362944,1/15360,5324/60
5325,1363200,1/15360,5325/60
5326,1363456,1/15360,5326/60
5327,1363712,1/15360,5327/60
5328,1363968,1/15360,5328/60
5329,1364224,1/15360,5329/60
5330,1364480,1/15360,5330/60
5331,1364736,1/15360,5331/60
5332,1364992,1/15360,5332/60
5333,1365248,1/15360,5333/60
5334,1365504,1/15360,5334/60
5335,1365760,1/15360,5335/60
5336,1366016,1/15360,5336/60
5337,1366272,1/15360,5337/60
5338,1366528,1/15360,5338/60
5339,1366784,1/15360,5339/60
5340,1367040,1/15360,5340/60
5341,1367296,1/15360,5341/60
5342,1367552,1/15360,5342/60
5343,1367808,1/15360,5343/60
5344,1368064,1/15360,5344/60
5345,1368320,1/15360,5345/60
5346,1368576,1/15360,5346/60
5347,1368832,1/15360,5347/60
5348,1369088,1/15360,5348/60
5349,1369344,1/15360,5349/60
5350,1369600,1/15360,5350/60
5351,1369856,1/15360,5351/60
5352,1370112,1/15360,5352/60
5353,1370368,1/15360,5353/60
5354,1370624,1/15360,5354/60
5355,1370880,1/15360,5355/60
5356,1371136,1/15360,5356/60
5357,1371392,1/15360,5357/60
5358,1371648,1/15360,5358/60
5359,1371904,1/15360,5359/60
5360,1372160,1/15360,5360/60
5361,1372416,1/15360,5361/60
5362,1372672,1/15360,5362/60
5363,1372928,1/15360,5363/60
5364,1373184,1/15360,5364/60
5365,1373440,1/15360,5365/60
5366,1373696,1/15360,5366/60
5367,1373952,1/15360,5367/60
5368,1374208,1/15360,5368/60
5369,1374464,1/15360,5369/60
5370,1374720,1/15360,5370/60
5371,1374976,1/15360,5371/60
5372,1375232,1/15360,5372/60
5373,1375488,1/15360,5373/60
5374,1375744,1/15360,5374/60
5375,1376000,1/15360,5375/60
5376,1376256,1/15360,5376/60
5377,1376512,1/15360,5377/60
5378,1376768,1/15360,5378/60
5379,1377024,1/15360,5379/60
5380,1377280,1/15360,5380/60
5381,1377536,1/15360,5381/60
5382,1377792,1/15360,5382/60
5383,1378048,1/15360,5383/60
5384,1378304,1/15360,5384/60
5385,1378560,1/15360,5385/60
5386,1378816,1/15360,5386/60
5387,1379072,1/15360,5387/60
5388,1379328,1/15360,5388/60
5389,1379584,1/15360,5389/60
5390,1379840,1/15360,5390/60
5391,1380096,1/15360,5391/60
5392,1380352,1/15360,5392/60
5393,1380608,1/15360,5393/60
5394,1380864,1/15360,5394/60
5395,1381120,1/15360,5395/60
5396,1381376,1/15360,5396/60
5397,1381632,1/15360,5397/60
5398,1381888,1/15360,5398/60
5399,1382144,1/15360,5399/60
5400,1382400,1/15360,5400/60
5401,1382656,1/15360,5401/60
5402,1382912,1/15360,5402/60
5403,1383168,1/15360,5403/60
5404,1383424,1/15360,5404/60
5405,1383680,1/15360,5405/60
5406,1383936,1/15360,5406/60
5407,1384192,1/15360,5407/60
5408,1384448,1/15360,5408/60
5409,1384704,1/15360,5409/60
5410,1384960,1/15360,5410/60
5411,1385216,1/15360,5411/60
5412,1385472,1/15360,5412/60
5413,1385728,1/15360,5413/60
5414,1385984,1/15360,5414/60
5415,1386240,1/15360,5415/60
5416,1386496,1/15360,5416/60
5417,1386752,1/15360,5417/60
5418,1387008,1/15360,5418/60
5419,1387264,1/15360,5419/60
5420,1387520,1/15360,5420/60
5421,1387776,1/15360,5421/60
5422,1388032,1/15360,5422/60
5423,1388288,1/15360,5423/60
5424,1388544,1/15360,5424/60
5425,1388800,1/15360,5425/60
5426,1389056,1/15360,5426/60
5427,1389312,1/15360,5427/60
5428,1389568,1/15360,5428/60
5429,1389824,1/15360,5429/60
5430,1390080,1/15360,5430/60
5431,1390336,1/15360,5431/60
5432,1390592,1/15360,5432/60
5433,1390848,1/15360,5433/60
5434,1391104,1/15360,5434/60
5435,1391360,1/15360,5435/60
5436,1391616,1/15360,5436/60
5437,1391872,1/15360,5437/60
5438,1392128,1/15360,5438/60
5439,1392384,1/15360,5439/60
5440,1392640,1/15360,5440/60
5441,1392896,1/15360,5441/60
5442,1393152,1/15360,5442/60
5443,1393408,1/15360,5443/60
5444,1393664,1/15360,5444/60
5445,1393920,1/15360,5445/60
5446,1394176,1/15360,5446/60
5447,1394432,1/15360,5447/60
5448,1394688,1/15360,5448/60
5449,1394944,1/15360,5449/60
5450,1395200,1/15360,5450/60
5451,1395456,1/15360,5451/60
5452,1395712,1/15360,5452/60
5453,1395968,1/15360,5453/60
5454,1396224,1/15360,5454/60
5455,1396480,1/15360,5455/60
5456,1396736,1/15360,5456/60
5457,1396992,1/15360,5457/60
5458,1397248,1/15360,5458/60
5459,1397504,1/15360,5459/60
5460,1397760,1/15360,5460/60
5461,1398016,1/15360,5461/60
5462,1398272,1/15360,5462/60
5463,1398528,1/15360,5463/60
5464,1398784,1/15360,5464/60
5465,1399040,1/15360,5465/60
5466,1399296,1/15360,5466/60
5467,1399552,1/15360,5467/60
5468,1399808,1/15360,5468/60
5469,1400064,1/15360,5469/60
5470,1400320,1/15360,5470/60
5471,1400576,1/15360,5471/60
5472,1400832,1/15360,5472/60
5473,1401088,1/15360,5473/60
5474,1401344,1/15360,5474/60
5475,1401600,1/15360,5475/60
5476,1401856,1/15360,5476/60
5477,1402112,1/15360,5477/60
5478,1402368,1/15360,5478/60
5479,1402624,1/15360,5479/60
5480,1402880,1/15360,5480/60
5481,1403136,1/15360,5481/60
5482,1403392,1/15360,5482/60
5483,1403648,1/15360,5483/60
5484,1403904,1/15360,5484/60
5485,1404160,1/15360,5485/60
5486,1404416,1/15360,5486/60
5487,1404672,1/15360,5487/60
5488,1404928,1/15360,5488/60
5489,1405184,1/15360,5489/60
5490,1405440,1/15360,5490/60
5491,1405696,1/15360,5491/60
5492,1405952,1/15360,5492/60
5493,1406208,1/15360,5493/60
5494,1406464,1/15360,5494/60
5495,1406720,1/15360,5495/60
5496,1406976,1/15360,5496/60
5497,1407232,1/15360,5497/60
5498,1407488,1/15360,5498/60
5499,1407744,1/15360,5499/60
5500,1408000,1/15360,5500/60
5501,1408256,1/15360,5501/60
5502,1408512,1/15360,5502/60
5503,1408768,1/15360,5503/60
5504,1409024,1/15360,5504/60
5505,1409280,1/15360,5505/60
5506,1409536,1/15360,5506/60
5507,1409792,1/15360,5507/60
5508,1410048,1/15360,5508/60
5509,1410304,1/15360,5509/60
5510,1410560,1/15360,5510/60
5511,1410816,1/15360,5511/60
5512,1411072,1/15360,5512/60
5513,1411328,1/15360,5513/60
5514,1411584,1/15360,5514/60
5515,1411840,1/15360,5515/60
5516,1412096,1/15360,5516/60
5517,1412352,1/15360,5517/60
5518,1412608,1/15360,5518/60
5519,1412864,1/15360,5519/60
5520,1413120,1/15360,5520/60
5521,1413376,1/15360,5521/60
5522,1413632,1/15360,5522/60
5523,1413888,1/15360,5523/60
5524,1414144,1/15360,5524/60
5525,1414400,1/15360,5525/60
5526,1414656,1/15360,5526/60
5527,1414912,1/15360,5527/60
5528,1415168,1/15360,5528/60
5529,1415424,1/15360,5529/60
5530,1415680,1/15360,5530/60
5531,1415936,1/15360,5531/60
5532,1416192,1/15360,5532/60
5533,1416448,1/15360,5533/60
5534,1416704,1/15360,5534/60
5535,1416960,1/15360,5535/60
5536,1417216,1/15360,5536/60
5537,1417472,1/15360,5537/60
5538,1417728,1/15360,5538/60
5539,1417984,1/15360,5539/60
5540,1418240,1/15360,5540/60
5541,1418496,1/15360,5541/60
5542,1418752,1/15360,5542/60
5543,1419008,1/15360,5543/60
5544,1419264,1/15360,5544/60
5545,1419520,1/15360,5545/60
5546,1419776,1/15360,5546/60
5547,1420032,1/15360,5547/60
5548,1420288,1/15360,5548/60
5549,1420544,1/15360,5549/60
5550,1420800,1/15360,5550/60
5551,1421056,1/15360,5551/60
5552,1421312,1/15360,5552/60
5553,1421568,1/15360,5553/60
5554,1421824,1/15360,5554/60
5555,1422080,1/15360,5555/60
5556,1422336,1/15360,5556/60
5557,1422592,1/15360,5557/60
5558,1422848,1/15360,5558/60
5559,1423104,1/15360,5559/60
5560,1423360,1/15360,5560/60
5561,1423616,1/15360,5561/60
5562,1423872,1/15360,5562/60
5563,1424128,1/15360,5563/60
5564,1424384,1/15360,5564/60
5565,1424640,1/15360,5565/60
5566,1424896,1/15360,5566/60
5567,1425152,1/15360,5567/60
5568,1425408,1/15360,5568/60
5569,1425664,1/15360,5569/60
5570,1425920,1/15360,5570/60
5571,1426176,1/15360,5571/60
5572,1426432,1/15360,5572/60
5573,1426688,1/15360,5573/60
5574,1426944,1/15360,5574/60
5575,1427200,1/15360,5575/60
5576,1427456,1/15360,5576/60
5577,1427712,1/15360,5577/60
5578,1427968,1/15360,5578/60
5579,1428224,1/15360,5579/60
5580,1428480,1/15360,5580/60
5581,1428736,1/15360,5581/60
5582,1428992,1/15360,5582/60
5583,1429248,1/15360,5583/60
5584,1429504,1/15360,5584/60
5585,1429760,1/15360,5585/60
5586,1430016,1/15360,5586/60
5587,1430272,1/15360,5587/60
5588,1430528,1/15360,5588/60
5589,1430784,1/15360,5589/60
5590,1431040,1/15360,5590/60
5591,1431296,1/15360,5591/60
5592,1431552,1/15360,5592/60
5593,1431808,1/15360,5593/60
5594,1432064,1/15360,5594/60
5595,1432320,1/15360,5595/60
5596,1432576,1/15360,5596/60
5597,1432832,1/15360,5597/60
5598,1433088,1/15360,5598/60
5599,1433344,1/15360,5599/60
5600,1433600,1/15360,5600/60
5601,1433856,1/15360,5601/60
5602,1434112,1/15360,5602/60
5603,1434368,1/15360,5603/60
5604,1434624,1/15360,5604/60
5605,1434880,1/15360,5605/60
5606,1435136,1/15360,5606/60
5607,1435392,1/15360,5607/60
5608,1435648,1/15360,5608/60
5609,1435904,1/15360,5609/60
5610,1436160,1/15360,5610/60
5611,1436416,1/15360,5611/60
5612,1436672,1/15360,5612/60
5613,1436928,1/15360,5613/60
5614,1437184,1/15360,5614/60
5615,1437440,1/15360,5615/60
5616,1437696,1/15360,5616/60
5617,1437952,1/15360,5617/60
5618,1438208,1/15360,5618/60
5619,1438464,1/15360,5619/60
5620,1438720,1/15360,5620/60
5621,1438976,1/15360,5621/60
5622,1439232,1/15360,5622/60
5623,1439488,1/15360,5623/60
5624,1439744,1/15360,5624/60
5625,1440000,1/15360,5625/60
5626,1440256,1/15360,5626/60
5627,1440512,1/15360,5627/60
5628,1440768,1/15360,5628/60
5629,1441024,1/15360,5629/60
5630,1441280,1/15360,5630/60
5631,1441536,1/15360,5631/60
5632,1441792,1/15360,5632/60
5633,1442048,1/15360,5633/60
5634,1442304,1/15360,5634/60
5635,1442560,1/15360,5635/60
5636,1442816,1/15360,5636/60
5637,1443072,1/15360,5637/60
5638,1443328,1/15360,5638/60
5639,1443584,1/15360,5639/60
5640,1443840,1/15360,5640/60
5641,1444096,1/15360,5641/60
5642,1444352,1/15360,5642/60
5643,1444608,1/15360,5643/60
5644,1444864,1/15360,5644/60
5645,1445120,1/15360,5645/60
5646,1445376,1/15360,5646/60
5647,1445632,1/15360,5647/60
5648,1445888,1/15360,5648/60
5649,1446144,1/15360,5649/60
5650,1446400,1/15360,5650/60
5651,1446656,1/15360,5651/60
5652,1446912,1/15360,5652/60
5653,1447168,1/15360,5653/60
5654,1447424,1/15360,5654/60
5655,1447680,1/15360,5655/60
5656,1447936,1/15360,5656/60
5657,1448192,1/15360,5657/60
5658,1448448,1/15360,5658/60
5659,1448704,1/15360,5659/60
5660,1448960,1/15360,5660/60
5661,1449216,1/15360,5661/60
5662,1449472,1/15360,5662/60
5663,1449728,1/15360,5663/60
5664,1449984,1/15360,5664/60
5665,1450240,1/15360,5665/60
5666,1450496,1/15360,5666/60
5667,1450752,1/15360,5667/60
5668,1451008,1/15360,5668/60
5669,1451264,1/15360,5669/60
5670,1451520,1/15360,5670/60
5671,1451776,1/15360,5671/60
5672,1452032,1/15360,5672/60
5673,1452288,1/15360,5673/60
5674,1452544,1/15360,5674/60
5675,1452800,1/15360,5675/60
5676,1453056,1/15360,5676/60
5677,1453312,1/15360,5677/60
5678,1453568,1/15360,5678/60
5679,1453824,1/15360,5679/60
5680,1454080,1/15360,5680/60
5681,1454336,1/15360,5681/60
5682,1454592,1/15360,5682/60
5683,1454848,1/15360,5683/60
5684,1455104,1/15360,5684/60
5685,1455360,1/15360,5685/60
5686,1455616,1/15360,5686/60
5687,1455872,1/15360,5687/60
5688,1456128,1/15360,5688/60
5689,1456384,1/15360,5689/60
5690,1456640,1/15360,5690/60
5691,1456896,1/15360,5691/60
5692,1457152,1/15360,5692/60
5693,1457408,1/15360,5693/60
5694,1457664,1/15360,5694/60
5695,1457920,1/15360,5695/60
5696,1458176,1/15360,5696/60
5697,1458432,1/15360,5697/60
5698,1458688,1/15360,5698/60
5699,1458944,1/15360,5699/60
5700,1459200,1/15360,5700/60
5701,1459456,1/15360,5701/60
5702,1459712,1/15360,5702/60
5703,1459968,1/15360,5703/60
5704,1460224,1/15360,5704/60
5705,1460480,1/15360,5705/60
5706,1460736,1/15360,5706/60
5707,1460992,1/15360,5707/60
5708,1461248,1/15360,5708/60
5709,1461504,1/15360,5709/60
5710,1461760,1/15360,5710/60
5711,1462016,1/15360,5711/60
5712,1462272,1/15360,5712/60
5713,1462528,1/15360,5713/60
5714,1462784,1/15360,5714/60
5715,1463040,1/15360,5715/60
5716,1463296,1/15360,5716/60
5717,1463552,1/15360,5717/60
5718,1463808,1/15360,5718/60
5719,1464064,1/15360,5719/60
5720,1464320,1/15360,5720/60
5721,1464576,1/15360,5721/60
5722,1464832,1/15360,5722/60
5723,1465088,1/15360,5723/60
5724,1465344,1/15360,5724/60
5725,1465600,1/15360,5725/60
5726,1465856,1/15360,5726/60
5727,1466112,1/15360,5727/60
5728,1466368,1/15360,5728/60
5729,1466624,1/15360,5729/60
5730,1466880,1/15360,5730/60
5731,1467136,1/15360,5731/60
5732,1467392,1/15360,5732/60
5733,1467648,1/15360,5733/60
5734,1467904,1/15360,5734/60
5735,1468160,1/15360,5735/60
5736,1468416,1/15360,5736/60
5737,1468672,1/15360,5737/60
5738,1468928,1/15360,5738/60
5739,1469184,1/15360,5739/60
5740,1469440,1/15360,5740/60
5741,1469696,1/15360,5741/60
5742,1469952,1/15360,5742/60
5743,1470208,1/15360,5743/60
5744,1470464,1/15360,5744/60
5745,1470720,1/15360,5745/60
5746,1470976,1/15360,5746/60
5747,1471232,1/15360,5747/60
5748,1471488,1/15360,5748/60
5749,1471744,1/15360,5749/60
5750,1472000,1/15360,5750/60
5751,1472256,1/15360,5751/60
5752,1472512,1/15360,5752/60
5753,1472768,1/15360,5753/60
5754,1473024,1/15360,5754/60
5755,1473280,1/15360,5755/60
5756,1473536,1/15360,5756/60
5757,1473792,1/15360,5757/60
5758,1474048,1/15360,5758/60
5759,1474304,1/15360,5759/60
5760,1474560,1/15360,5760/60
5761,1474816,1/15360,5761/60
5762,1475072,1/15360,5762/60
5763,1475328,1/15360,5763/60
5764,1475584,1/15360,5764/60
5765,1475840,1/15360,5765/60
5766,1476096,1/15360,5766/60
5767,1476352,1/15360,5767/60
5768,1476608,1/15360,5768/60
5769,1476864,1/15360,5769/60
5770,1477120,1/15360,5770/60
5771,1477376,1/15360,5771/60
5772,1477632,1/15360,5772/60
5773,1477888,1/15360,5773/60
5774,1478144,1/15360,5774/60
5775,1478400,1/15360,5775/60
5776,1478656,1/15360,5776/60
5777,1478912,1/15360,5777/60
5778,1479168,1/15360,5778/60
5779,1479424,1/15360,5779/60
5780,1479680,1/15360,5780/60
5781,1479936,1/15360,5781/60
5782,1480192,1/15360,5782/60
5783,1480448,1/15360,5783/60
5784,1480704,1/15360,5784/60
5785,1480960,1/15360,5785/60
5786,1481216,1/15360,5786/60
5787,1481472,1/15360,5787/60
5788,1481728,1/15360,5788/60
5789,1481984,1/15360,5789/60
5790,1482240,1/15360,5790/60
5791,1482496,1/15360,5791/60
5792,1482752,1/15360,5792/60
5793,1483008,1/15360,5793/60
5794,1483264,1/15360,5794/60
5795,1483520,1/15360,5795/60
5796,1483776,1/15360,5796/60
5797,1484032,1/15360,5797/60
5798,1484288,1/15360,5798/60
5799,1484544,1/15360,5799/60
5800,1484800,1/15360,5800/60
5801,1485056,1/15360,5801/60
5802,1485312,1/15360,5802/60
5803,1485568,1/15360,5803/60
5804,1485824,1/15360,5804/60
5805,1486080,1/15360,5805/60
5806,1486336,1/15360,5806/60
5807,1486592,1/15360,5807/60
5808,1486848,1/15360,5808/60
5809,1487104,1/15360,5809/60
5810,1487360,1/15360,5810/60
5811,1487616,1/15360,5811/60
5812,1487872,1/15360,5812/60
5813,1488128,1/15360,5813/60
5814,1488384,1/15360,5814/60
5815,1488640,1/15360,5815/60
5816,1488896,1/15360,5816/60
5817,1489152,1/15360,5817/60
5818,1489408,1/15360,5818/60
5819,1489664,1/15360,5819/60
5820,1489920,1/15360,5820/60
5821,1490176,1/15360,5821/60
5822,1490432,1/15360,5822/60
5823,1490688,1/15360,5823/60
5824,1490944,1/15360,5824/60
5825,1491200,1/15360,5825/60
5826,1491456,1/15360,5826/60
5827,1491712,1/15360,5827/60
5828,1491968,1/15360,5828/60
5829,1492224,1/15360,5829/60
5830,1492480,1/15360,5830/60
5831,1492736,1/15360,5831/60
5832,1492992,1/15360,5832/60
5833,1493248,1/15360,5833/60
5834,1493504,1/15360,5834/60
5835,1493760,1/15360,5835/60
5836,1494016,1/15360,5836/60
5837,1494272,1/15360,5837/60
5838,1494528,1/15360,5838/60
5839,1494784,1/15360,5839/60
5840,1495040,1/15360,5840/60
5841,1495296,1/15360,5841/60
5842,1495552,1/15360,5842/60
5843,1495808,1/15360,5843/60
5844,1496064,1/15360,5844/60
5845,1496320,1/15360,5845/60
5846,1496576,1/15360,5846/60
5847,1496832,1/15360,5847/60
5848,1497088,1/15360,5848/60
5849,1497344,1/15360,5849/60
5850,1497600,1/15360,5850/60
5851,1497856,1/15360,5851/60
5852,1498112,1/15360,5852/60
5853,1498368,1/15360,5853/60
5854,1498624,1/15360,5854/60
5855,1498880,1/15360,5855/60
5856,1499136,1/15360,5856/60
5857,1499392,1/15360,5857/60
5858,1499648,1/15360,5858/60
5859,1499904,1/15360,5859/60
5860,1500160,1/15360,5860/60
5861,1500416,1/15360,5861/60
5862,1500672,1/15360,5862/60
5863,1500928,1/15360,5863/60
5864,1501184,1/15360,5864/60
5865,1501440,1/15360,5865/60
5866,1501696,1/15360,5866/60
5867,1501952,1/15360,5867/60
5868,1502208,1/15360,5868/60
5869,1502464,1/15360,5869/60
5870,1502720,1/15360,5870/60
5871,1502976,1/15360,5871/60
5872,1503232,1/15360,5872/60
5873,1503488,1/15360,5873/60
5874,1503744,1/15360,5874/60
5875,1504000,1/15360,5875/60
5876,1504256,1/15360,5876/60
5877,1504512,1/15360,5877/60
5878,1504768,1/15360,5878/60
5879,1505024,1/15360,5879/60
5880,1505280,1/15360,5880/60
5881,1505536,1/15360,5881/60
5882,1505792,1/15360,5882/60
5883,1506048,1/15360,5883/60
5884,1506304,1/15360,5884/60
5885,1506560,1/15360,5885/60
5886,1506816,1/15360,5886/60
5887,1507072,1/15360,5887/60
5888,1507328,1/15360,5888/60
5889,1507584,1/15360,5889/60
5890,1507840,1/15360,5890/60
5891,1508096,1/15360,5891/60
5892,1508352,1/15360,5892/60
5893,1508608,1/15360,5893/60
5894,1508864,1/15360,5894/60
5895,1509120,1/15360,5895/60
5896,1509376,1/15360,5896/60
5897,1509632,1/15360,5897/60
5898,1509888,1/15360,5898/60
5899,1510144,1/15360,5899/60
5900,1510400,1/15360,5900/60
5901,1510656,1/15360,5901/60
5902,1510912,1/15360,5902/60
5903,1511168,1/15360,5903/60
5904,1511424,1/15360,5904/60
5905,1511680,1/15360,5905/60
5906,1511936,1/15360,5906/60
5907,1512192,1/15360,5907/60
5908,1512448,1/15360,5908/60
5909,1512704,1/15360,5909/60
5910,1512960,1/15360,5910/60
5911,1513216,1/15360,5911/60
5912,1513472,1/15360,5912/60
5913,1513728,1/15360,5913/60
5914,1513984,1/15360,5914/60
5915,1514240,1/15360,5915/60
5916,1514496,1/15360,5916/60
5917,1514752,1/15360,5917/60
5918,1515008,1/15360,5918/60
5919,1515264,1/15360,5919/60
5920,1515520,1/15360,5920/60
5921,1515776,1/15360,5921/60
5922,1516032,1/15360,5922/60
5923,1516288,1/15360,5923/60
5924,1516544,1/15360,5924/60
5925,1516800,1/15360,5925/60
5926,1517056,1/15360,5926/60
5927,1517312,1/15360,5927/60
5928,1517568,1/15360,5928/60
5929,1517824,1/15360,5929/60
5930,1518080,1/15360,5930/60
5931,1518336,1/15360,5931/60
5932,1518592,1/15360,5932/60
5933,1518848,1/15360,5933/60
5934,1519104,1/15360,5934/60
5935,1519360,1/15360,5935/60
5936,1519616,1/15360,5936/60
5937,1519872,1/15360,5937/60
5938,1520128,1/15360,5938/60
5939,1520384,1/15360,5939/60
5940,1520640,1/15360,5940/60
5941,1520896,1/15360,5941/60
5942,1521152,1/15360,5942/60
5943,1521408,1/15360,5943/60
5944,1521664,1/15360,5944/60
5945,1521920,1/15360,5945/60
5946,1522176,1/15360,5946/60
5947,1522432,1/15360,5947/60
5948,1522688,1/15360,5948/60
5949,1522944,1/15360,5949/60
5950,1523200,1/15360,5950/60
5951,1523456,1/15360,5951/60
5952,1523712,1/15360,5952/60
5953,1523968,1/15360,5953/60
5954,1524224,1/15360,5954/60
5955,1524480,1/15360,5955/60
5956,1524736,1/15360,5956/60
5957,1524992,1/15360,5957/60
5958,1525248,1/15360,5958/60
5959,1525504,1/15360,5959/60
5960,1525760,1/15360,5960/60
5961,1526016,1/15360,5961/60
5962,1526272,1/15360,5962/60
5963,1526528,1/15360,5963/60
5964,1526784,1/15360,5964/60
5965,1527040,1/15360,5965/60
5966,1527296,1/15360,5966/60
5967,1527552,1/15360,5967/60
5968,1527808,1/15360,5968/60
5969,1528064,1/15360,5969/60
5970,1528320,1/15360,5970/60
5971,1528576,1/15360,5971/60
5972,1528832,1/15360,5972/60
5973,1529088,1/15360,5973/60
5974,1529344,1/15360,5974/60
5975,1529600,1/15360,5975/60
5976,1529856,1/15360,5976/60
5977,1530112,1/15360,5977/60
5978,1530368,1/15360,5978/60
5979,1530624,1/15360,5979/60
5980,1530880,1/15360,5980/60
5981,1531136,1/15360,5981/60
5982,1531392,1/15360,5982/60
5983,1531648,1/15360,5983/60
5984,1531904,1/15360,5984/60
5985,1532160,1/15360,5985/60
5986,1532416,1/15360,5986/60
5987,1532672,1/15360,5987/60
5988,1532928,1/15360,5988/60
5989,1533184,1/15360,5989/60
5990,1533440,1/15360,5990/60
5991,1533696,1/15360,5991/60
5992,1533952,1/15360,5992/60
5993,1534208,1/15360,5993/60
5994,1534464,1/15360,5994/60
5995,1534720,1/15360,5995/60
5996,1534976,1/15360,5996/60
5997,1535232,1/15360,5997/60
5998,1535488,1/15360,5998/60
5999,1535744,1/15360,5999/60
6000,1536000,1/15360,6000/60
6001,1536256,1/15360,6001/60
6002,1536512,1/15360,6002/60
6003,1536768,1/15360,6003/60
6004,1537024,1/15360,6004/60
6005,1537280,1/15360,6005/60
6006,1537536,1/15360,6006/60
6007,1537792,1/15360,6007/60
6008,1538048,1/15360,6008/60
6009,1538304,1/15360,6009/60
6010,1538560,1/15360,6010/60
6011,1538816,1/15360,6011/60
6012,1539072,1/15360,6012/60
6013,1539328,1/15360,6013/60
6014,1539584,1/15360,6014/60
6015,1539840,1/15360,6015/60
6016,1540096,1/15360,6016/60
6017,1540352,1/15360,6017/60
6018,1540608,1/15360,6018/60
6019,1540864,1/15360,6019/60
6020,1541120,1/15360,6020/60
6021,1541376,1/15360,6021/60
6022,1541632,1/15360,6022/60
6023,1541888,1/15360,6023/60
6024,1542144,1/15360,6024/60
6025,1542400,1/15360,6025/60
6026,1542656,1/15360,6026/60
6027,1542912,1/15360,6027/60
6028,1543168,1/15360,6028/60
6029,1543424,1/15360,6029/60
6030,1543680,1/15360,6030/60
6031,1543936,1/15360,6031/60
6032,1544192,1/15360,6032/60
6033,1544448,1/15360,6033/60
6034,1544704,1/15360,6034/60
6035,1544960,1/15360,6035/60
6036,1545216,1/15360,6036/60
6037,1545472,1/15360,6037/60
6038,1545728,1/15360,6038/60
6039,1545984,1/15360,6039/60
6040,1546240,1/15360,6040/60
6041,1546496,1/15360,6041/60
6042,1546752,1/15360,6042/60
6043,1547008,1/15360,6043/60
6044,1547264,1/15360,6044/60
6045,1547520,1/15360,6045/60
6046,1547776,1/15360,6046/60
6047,1548032,1/15360,6047/60
6048,1548288,1/15360,6048/60
6049,1548544,1/15360,6049/60
6050,1548800,1/15360,6050/60
6051,1549056,1/15360,6051/60
6052,1549312,1/15360,6052/60
6053,1549568,1/15360,6053/60
6054,1549824,1/15360,6054/60
6055,1550080,1/15360,6055/60
6056,1550336,1/15360,6056/60
6057,1550592,1/15360,6057/60
6058,1550848,1/15360,6058/60
6059,1551104,1/15360,6059/60
6060,1551360,1/15360,6060/60
6061,1551616,1/15360,6061/60
6062,1551872,1/15360,6062/60
6063,1552128,1/15360,6063/60
6064,1552384,1/15360,6064/60
6065,1552640,1/15360,6065/60
6066,1552896,1/15360,6066/60
6067,1553152,1/15360,6067/60
6068,1553408,1/15360,6068/60
6069,1553664,1/15360,6069/60
6070,1553920,1/15360,6070/60
6071,1554176,1/15360,6071/60
6072,1554432,1/15360,6072/60
6073,1554688,1/15360,6073/60
6074,1554944,1/15360,6074/60
6075,1555200,1/15360,6075/60
6076,1555456,1/15360,6076/60
6077,1555712,1/15360,6077/60
6078,1555968,1/15360,6078/60
6079,1556224,1/15360,6079/60
6080,1556480,1/15360,6080/60
6081,1556736,1/15360,6081/60
6082,1556992,1/15360,6082/60
6083,1557248,1/15360,6083/60
6084,1557504,1/15360,6084/60
6085,1557760,1/15360,6085/60
6086,1558016,1/15360,6086/60
6087,1558272,1/15360,6087/60
6088,1558528,1/15360,6088/60
6089,1558784,1/15360,6089/60
6090,1559040,1/15360,6090/60
6091,1559296,1/15360,6091/60
6092,1559552,1/15360,6092/60
6093,1559808,1/15360,6093/60
6094,1560064,1/15360,6094/60
6095,1560320,1/15360,6095/60
6096,1560576,1/15360,6096/60
6097,1560832,1/15360,6097/60
6098,1561088,1/15360,6098/60
6099,1561344,1/15360,6099/60
6100,1561600,1/15360,6100/60
6101,1561856,1/15360,6101/60
6102,1562112,1/15360,6102/60
6103,1562368,1/15360,6103/60
6104,1562624,1/15360,6104/60
6105,1562880,1/15360,6105/60
6106,1563136,1/15360,6106/60
6107,1563392,1/15360,6107/60
6108,1563648,1/15360,6108/60
6109,1563904,1/15360,6109/60
6110,1564160,1/15360,6110/60
6111,1564416,1/15360,6111/60
6112,1564672,1/15360,6112/60
6113,1564928,1/15360,6113/60
6114,1565184,1/15360,6114/60
6115,1565440,1/15360,6115/60
6116,1565696,1/15360,6116/60
6117,1565952,1/15360,6117/60
6118,1566208,1/15360,6118/60
6119,1566464,1/15360,6119/60
6120,1566720,1/15360,6120/60
6121,1566976,1/15360,6121/60
6122,1567232,1/15360,6122/60
6123,1567488,1/15360,6123/60
6124,1567744,1/15360,6124/60
6125,1568000,1/15360,6125/60
6126,1568256,1/15360,6126/60
6127,1568512,1/15360,6127/60
6128,1568768,1/15360,6128/60
6129,1569024,1/15360,6129/60
6130,1569280,1/15360,6130/60
6131,1569536,1/15360,6131/60
6132,1569792,1/15360,6132/60
6133,1570048,1/15360,6133/60
6134,1570304,1/15360,6134/60
6135,1570560,1/15360,6135/60
6136,1570816,1/15360,6136/60
6137,1571072,1/15360,6137/60
6138,1571328,1/15360,6138/60
6139,1571584,1/15360,6139/60
6140,1571840,1/15360,6140/60
6141,1572096,1/15360,6141/60
6142,1572352,1/15360,6142/60
6143,1572608,1/15360,6143/60
6144,1572864,1/15360,6144/60
6145,1573120,1/15360,6145/60
6146,1573376,1/15360,6146/60
6147,1573632,1/15360,6147/60
6148,1573888,1/15360,6148/60
6149,1574144,1/15360,6149/60
6150,1574400,1/15360,6150/60
6151,1574656,1/15360,6151/60
6152,1574912,1/15360,6152/60
6153,1575168,1/15360,6153/60
6154,1575424,1/15360,6154/60
6155,1575680,1/15360,6155/60
6156,1575936,1/15360,6156/60
6157,1576192,1/15360,6157/60
6158,1576448,1/15360,6158/60
6159,1576704,1/15360,6159/60
6160,1576960,1/15360,6160/60
6161,1577216,1/15360,6161/60
6162,1577472,1/15360,6162/60
6163,1577728,1/15360,6163/60
6164,1577984,1/15360,6164/60
6165,1578240,1/15360,6165/60
6166,1578496,1/15360,6166/60
6167,1578752,1/15360,6167/60
6168,1579008,1/15360,6168/60
6169,1579264,1/15360,6169/60
6170,1579520,1/15360,6170/60
6171,1579776,1/15360,6171/60
6172,1580032,1/15360,6172/60
6173,1580288,1/15360,6173/60
6174,1580544,1/15360,6174/60
6175,1580800,1/15360,6175/60
6176,1581056,1/15360,6176/60
6177,1581312,1/15360,6177/60
6178,1581568,1/15360,6178/60
6179,1581824,1/15360,6179/60
6180,1582080,1/15360,6180/60
6181,1582336,1/15360,6181/60
6182,1582592,1/15360,6182/60
6183,1582848,1/15360,6183/60
6184,1583104,1/15360,6184/60
6185,1583360,1/15360,6185/60
6186,1583616,1/15360,6186/60
6187,1583872,1/15360,6187/60
6188,1584128,1/15360,6188/60
6189,1584384,1/15360,6189/60
6190,1584640,1/15360,6190/60
6191,1584896,1/15360,6191/60
6192,1585152,1/15360,6192/60
6193,1585408,1/15360,6193/60
6194,1585664,1/15360,6194/60
6195,1585920,1/15360,6195/60
6196,1586176,1/15360,6196/60
6197,1586432,1/15360,6197/60
6198,1586688,1/15360,6198/60
6199,1586944,1/15360,6199/60
6200,1587200,1/15360,6200/60
6201,1587456,1/15360,6201/60
6202,1587712,1/15360,6202/60
6203,1587968,1/15360,6203/60
6204,1588224,1/15360,6204/60
6205,1588480,1/15360,6205/60
6206,1588736,1/15360,6206/60
6207,1588992,1/15360,6207/60
6208,1589248,1/15360,6208/60
6209,1589504,1/15360,6209/60
6210,1589760,1/15360,6210/60
6211,1590016,1/15360,6211/60
6212,1590272,1/15360,6212/60
6213,1590528,1/15360,6213/60
6214,1590784,1/15360,6214/60
6215,1591040,1/15360,6215/60
6216,1591296,1/15360,6216/60
6217,1591552,1/15360,6217/60
6218,1591808,1/15360,6218/60
6219,1592064,1/15360,6219/60
6220,1592320,1/15360,6220/60
6221,1592576,1/15360,6221/60
6222,1592832,1/15360,6222/60
6223,1593088,1/15360,6223/60
6224,1593344,1/15360,6224/60
6225,1593600,1/15360,6225/60
6226,1593856,1/15360,6226/60
6227,1594112,1/15360,6227/60
6228,1594368,1/15360,6228/60
6229,1594624,1/15360,6229/60
6230,1594880,1/15360,6230/60
6231,1595136,1/15360,6231/60
6232,1595392,1/15360,6232/60
6233,1595648,1/15360,6233/60
6234,1595904,1/15360,6234/60
6235,1596160,1/15360,6235/60
6236,1596416,1/15360,6236/60
6237,1596672,1/15360,6237/60
6238,1596928,1/15360,6238/60
6239,1597184,1/15360,6239/60
6240,1597440,1/15360,6240/60
6241,1597696,1/15360,6241/60
6242,1597952,1/15360,6242/60
6243,1598208,1/15360,6243/60
6244,1598464,1/15360,6244/60
6245,1598720,1/15360,6245/60
6246,1598976,1/15360,6246/60
6247,1599232,1/15360,6247/60
6248,1599488,1/15360,6248/60
6249,1599744,1/15360,6249/60
6250,1600000,1/15360,6250/60
6251,1600256,1/15360,6251/60
6252,1600512,1/15360,6252/60
6253,1600768,1/15360,6253/60
6254,1601024,1/15360,6254/60
6255,1601280,1/15360,6255/60
6256,1601536,1/15360,6256/60
6257,1601792,1/15360,6257/60
6258,1602048,1/15360,6258/60
6259,1602304,1/15360,6259/60
6260,1602560,1/15360,6260/60
6261,1602816,1/15360,6261/60
6262,1603072,1/15360,6262/60
6263,1603328,1/15360,6263/60
6264,1603584,1/15360,6264/60
6265,1603840,1/15360,6265/60
6266,1604096,1/15360,6266/60
6267,1604352,1/15360,6267/60
6268,1604608,1/15360,6268/60
6269,1604864,1/15360,6269/60
6270,1605120,1/15360,6270/60
6271,1605376,1/15360,6271/60
6272,1605632,1/15360,6272/60
6273,1605888,1/15360,6273/60
6274,1606144,1/15360,6274/60
6275,1606400,1/15360,6275/60
6276,1606656,1/15360,6276/60
6277,1606912,1/15360,6277/60
6278,1607168,1/15360,6278/60
6279,1607424,1/15360,6279/60
6280,1607680,1/15360,6280/60
6281,1607936,1/15360,6281/60
6282,1608192,1/15360,6282/60
6283,1608448,1/15360,6283/60
6284,1608704,1/15360,6284/60
6285,1608960,1/15360,6285/60
6286,1609216,1/15360,6286/60
6287,1609472,1/15360,6287/60
6288,1609728,1/15360,6288/60
6289,1609984,1/15360,6289/60
6290,1610240,1/15360,6290/60
6291,1610496,1/15360,6291/60
6292,1610752,1/15360,6292/60
6293,1611008,1/15360,6293/60
6294,1611264,1/15360,6294/60
6295,1611520,1/15360,6295/60
6296,1611776,1/15360,6296/60
6297,1612032,1/15360,6297/60
6298,1612288,1/15360,6298/60
6299,1612544,1/15360,6299/60
6300,1612800,1/15360,6300/60
6301,1613056,1/15360,6301/60
6302,1613312,1/15360,6302/60
6303,1613568,1/15360,6303/60
6304,1613824,1/15360,6304/60
6305,1614080,1/15360,6305/60
6306,1614336,1/15360,6306/60
6307,1614592,1/15360,6307/60
6308,1614848,1/15360,6308/60
6309,1615104,1/15360,6309/60
6310,1615360,1/15360,6310/60
6311,1615616,1/15360,6311/60
6312,1615872,1/15360,6312/60
6313,1616128,1/15360,6313/60
6314,1616384,1/15360,6314/60
6315,1616640,1/15360,6315/60
6316,1616896,1/15360,6316/60
6317,1617152,1/15360,6317/60
6318,1617408,1/15360,6318/60
6319,1617664,1/15360,6319/60
6320,1617920,1/15360,6320/60
6321,1618176,1/15360,6321/60
6322,1618432,1/15360,6322/60
6323,1618688,1/15360,6323/60
6324,1618944,1/15360,6324/60
6325,1619200,1/15360,6325/60
6326,1619456,1/15360,6326/60
6327,1619712,1/15360,6327/60
6328,1619968,1/15360,6328/60
6329,1620224,1/15360,6329/60
6330,1620480,1/15360,6330/60
6331,1620736,1/15360,6331/60
6332,1620992,1/15360,6332/60
6333,1621248,1/15360,6333/60
6334,1621504,1/15360,6334/60
6335,1621760,1/15360,6335/60
6336,1622016,1/15360,6336/60
6337,1622272,1/15360,6337/60
6338,1622528,1/15360,6338/60
6339,1622784,1/15360,6339/60
6340,1623040,1/15360,6340/60
6341,1623296,1/15360,6341/60
6342,1623552,1/15360,6342/60
6343,1623808,1/15360,6343/60
6344,1624064,1/15360,6344/60
6345,1624320,1/15360,6345/60
6346,1624576,1/15360,6346/60
6347,1624832,1/15360,6347/60
6348,1625088,1/15360,6348/60
6349,1625344,1/15360,6349/60
6350,1625600,1/15360,6350/60
6351,1625856,1/15360,6351/60
6352,1626112,1/15360,6352/60
6353,1626368,1/15360,6353/60
6354,1626624,1/15360,6354/60
6355,1626880,1/15360,6355/60
6356,1627136,1/15360,6356/60
6357,1627392,1/15360,6357/60
6358,1627648,1/15360,6358/60
6359,1627904,1/15360,6359/60
6360,1628160,1/15360,6360/60
6361,1628416,1/15360,6361/60
6362,1628672,1/15360,6362/60
6363,1628928,1/15360,6363/60
6364,1629184,1/15360,6364/60
6365,1629440,1/15360,6365/60
6366,1629696,1/15360,6366/60
6367,1629952,1/15360,6367/60
6368,1630208,1/15360,6368/60
6369,1630464,1/15360,6369/60
6370,1630720,1/15360,6370/60
6371,1630976,1/15360,6371/60
6372,1631232,1/15360,6372/60
6373,1631488,1/15360,6373/60
6374,1631744,1/15360,6374/60
6375,1632000,1/15360,6375/60
6376,1632256,1/15360,6376/60
6377,1632512,1/15360,6377/60
6378,1632768,1/15360,6378/60
6379,1633024,1/15360,6379/60
6380,1633280,1/15360,6380/60
6381,1633536,1/15360,6381/60
6382,1633792,1/15360,6382/60
6383,1634048,1/15360,6383/60
6384,1634304,1/15360,6384/60
6385,1634560,1/15360,6385/60
6386,1634816,1/15360,6386/60
6387,1635072,1/15360,6387/60
6388,1635328,1/15360,6388/60
6389,1635584,1/15360,6389/60
6390,1635840,1/15360,6390/60
6391,1636096,1/15360,6391/60
6392,1636352,1/15360,6392/60
6393,1636608,1/15360,6393/60
6394,1636864,1/15360,6394/60
6395,1637120,1/15360,6395/60
6396,1637376,1/15360,6396/60
6397,1637632,1/15360,6397/60
6398,1637888,1/15360,6398/60
6399,1638144,1/15360,6399/60
6400,1638400,1/15360,6400/60
6401,1638656,1/15360,6401/60
6402,1638912,1/15360,6402/60
6403,1639168,1/15360,6403/60
6404,1639424,1/15360,6404/60
6405,1639680,1/15360,6405/60
6406,1639936,1/15360,6406/60
6407,1640192,1/15360,6407/60
6408,1640448,1/15360,6408/60
6409,1640704,1/15360,6409/60
6410,1640960,1/15360,6410/60
6411,1641216,1/15360,6411/60
6412,1641472,1/15360,6412/60
6413,1641728,1/15360,6413/60
6414,1641984,1/15360,6414/60
6415,1642240,1/15360,6415/60
6416,1642496,1/15360,6416/60
6417,1642752,1/15360,6417/60
6418,1643008,1/15360,6418/60
6419,1643264,1/15360,6419/60
6420,1643520,1/15360,6420/60
6421,1643776,1/15360,6421/60
6422,1644032,1/15360,6422/60
6423,1644288,1/15360,6423/60
6424,1644544,1/15360,6424/60
6425,1644800,1/15360,6425/60
6426,1645056,1/15360,6426/60
6427,1645312,1/15360,6427/60
6428,1645568,1/15360,6428/60
6429,1645824,1/15360,6429/60
6430,1646080,1/15360,6430/60
6431,1646336,1/15360,6431/60
6432,1646592,1/15360,6432/60
6433,1646848,1/15360,6433/60
6434,1647104,1/15360,6434/60
6435,1647360,1/15360,6435/60
6436,1647616,1/15360,6436/60
6437,1647872,1/15360,6437/60
6438,1648128,1/15360,6438/60
6439,1648384,1/15360,6439/60
6440,1648640,1/15360,6440/60
6441,1648896,1/15360,6441/60
6442,1649152,1/15360,6442/60
6443,1649408,1/15360,6443/60
6444,1649664,1/15360,6444/60
6445,1649920,1/15360,6445/60
6446,1650176,1/15360,6446/60
6447,1650432,1/15360,6447/60
6448,1650688,1/15360,6448/60
6449,1650944,1/15360,6449/60
6450,1651200,1/15360,6450/60
6451,1651456,1/15360,6451/60
6452,1651712,1/15360,6452/60
6453,1651968,1/15360,6453/60
6454,1652224,1/15360,6454/60
6455,1652480,1/15360,6455/60
6456,1652736,1/15360,6456/60
6457,1652992,1/15360,6457/60
6458,1653248,1/15360,6458/60
6459,1653504,1/15360,6459/60
6460,1653760,1/15360,6460/60
6461,1654016,1/15360,6461/60
6462,1654272,1/15360,6462/60
6463,1654528,1/15360,6463/60
6464,1654784,1/15360,6464/60
6465,1655040,1/15360,6465/60
6466,1655296,1/15360,6466/60
6467,1655552,1/15360,6467/60
6468,1655808,1/15360,6468/60
6469,1656064,1/15360,6469/60
6470,1656320,1/15360,6470/60
6471,1656576,1/15360,6471/60
6472,1656832,1/15360,6472/60
6473,1657088,1/15360,6473/60
6474,1657344,1/15360,6474/60
6475,1657600,1/15360,6475/60
6476,1657856,1/15360,6476/60
6477,1658112,1/15360,6477/60
6478,1658368,1/15360,6478/60
6479,1658624,1/15360,6479/60
6480,1658880,1/15360,6480/60
6481,1659136,1/15360,6481/60
6482,1659392,1/15360,6482/60
6483,1659648,1/15360,6483/60
6484,1659904,1/15360,6484/60
6485,1660160,1/15360,6485/60
6486,1660416,1/15360,6486/60
6487,1660672,1/15360,6487/60
6488,1660928,1/15360,6488/60
6489,1661184,1/15360,6489/60
6490,1661440,1/15360,6490/60
6491,1661696,1/15360,6491/60
6492,1661952,1/15360,6492/60
6493,1662208,1/15360,6493/60
6494,1662464,1/15360,6494/60
6495,1662720,1/15360,6495/60
6496,1662976,1/15360,6496/60
6497,1663232,1/15360,6497/60
6498,1663488,1/15360,6498/60
6499,1663744,1/15360,6499/60
6500,1664000,1/15360,6500/60
6501,1664256,1/15360,6501/60
6502,1664512,1/15360,6502/60
6503,1664768,1/15360,6503/60
6504,1665024,1/15360,6504/60
6505,1665280,1/15360,6505/60
6506,1665536,1/15360,6506/60
6507,1665792,1/15360,6507/60
6508,1666048,1/15360,6508/60
6509,1666304,1/15360,6509/60
6510,1666560,1/15360,6510/60
6511,1666816,1/15360,6511/60
6512,1667072,1/15360,6512/60
6513,1667328,1/15360,6513/60
6514,1667584,1/15360,6514/60
6515,1667840,1/15360,6515/60
6516,1668096,1/15360,6516/60
6517,1668352,1/15360,6517/60
6518,1668608,1/15360,6518/60
6519,1668864,1/15360,6519/60
6520,1669120,1/15360,6520/60
6521,1669376,1/15360,6521/60
6522,1669632,1/15360,6522/60
6523,1669888,1/15360,6523/60
6524,1670144,1/15360,6524/60
6525,1670400,1/15360,6525/60
6526,1670656,1/15360,6526/60
6527,1670912,1/15360,6527/60
6528,1671168,1/15360,6528/60
6529,1671424,1/15360,6529/60
6530,1671680,1/15360,6530/60
6531,1671936,1/15360,6531/60
6532,1672192,1/15360,6532/60
6533,1672448,1/15360,6533/60
6534,1672704,1/15360,6534/60
6535,1672960,1/15360,6535/60
6536,1673216,1/15360,6536/60
6537,1673472,1/15360,6537/60
6538,1673728,1/15360,6538/60
6539,1673984,1/15360,6539/60
6540,1674240,1/15360,6540/60
6541,1674496,1/15360,6541/60
6542,1674752,1/15360,6542/60
6543,1675008,1/15360,6543/60
6544,1675264,1/15360,6544/60
6545,1675520,1/15360,6545/60
6546,1675776,1/15360,6546/60
6547,1676032,1/15360,6547/60
6548,1676288,1/15360,6548/60
6549,1676544,1/15360,6549/60
6550,1676800,1/15360,6550/60
6551,1677056,1/15360,6551/60
6552,1677312,1/15360,6552/60
6553,1677568,1/15360,6553/60
6554,1677824,1/15360,6554/60
6555,1678080,1/15360,6555/60
6556,1678336,1/15360,6556/60
6557,1678592,1/15360,6557/60
6558,1678848,1/15360,6558/60
6559,1679104,1/15360,6559/60
6560,1679360,1/15360,6560/60
6561,1679616,1/15360,6561/60
6562,1679872,1/15360,6562/60
6563,1680128,1/15360,6563/60
6564,1680384,1/15360,6564/60
6565,1680640,1/15360,6565/60
6566,1680896,1/15360,6566/60
6567,1681152,1/15360,6567/60
6568,1681408,1/15360,6568/60
6569,1681664,1/15360,6569/60
6570,1681920,1/15360,6570/60
6571,1682176,1/15360,6571/60
6572,1682432,1/15360,6572/60
6573,1682688,1/15360,6573/60
6574,1682944,1/15360,6574/60
6575,1683200,1/15360,6575/60
6576,1683456,1/15360,6576/60
6577,1683712,1/15360,6577/60
6578,1683968,1/15360,6578/60
6579,1684224,1/15360,6579/60
6580,1684480,1/15360,6580/60
6581,1684736,1/15360,6581/60
6582,1684992,1/15360,6582/60
6583,1685248,1/15360,6583/60
6584,1685504,1/15360,6584/60
6585,1685760,1/15360,6585/60
6586,1686016,1/15360,6586/60
6587,1686272,1/15360,6587/60
6588,1686528,1/15360,6588/60
6589,1686784,1/15360,6589/60
6590,1687040,1/15360,6590/60
6591,1687296,1/15360,6591/60
6592,1687552,1/15360,6592/60
6593,1687808,1/15360,6593/60
6594,1688064,1/15360,6594/60
6595,1688320,1/15360,6595/60
6596,1688576,1/15360,6596/60
6597,1688832,1/15360,6597/60
6598,1689088,1/15360,6598/60
6599,1689344,1/15360,6599/60
6600,1689600,1/15360,6600/60
6601,1689856,1/15360,6601/60
6602,1690112,1/15360,6602/60
6603,1690368,1/15360,6603/60
6604,1690624,1/15360,6604/60
6605,1690880,1/15360,6605/60
6606,1691136,1/15360,6606/60
6607,1691392,1/15360,6607/60
6608,1691648,1/15360,6608/60
6609,1691904,1/15360,6609/60
6610,1692160,1/15360,6610/60
6611,1692416,1/15360,6611/60
6612,1692672,1/15360,6612/60
6613,1692928,1/15360,6613/60
6614,1693184,1/15360,6614/60
6615,1693440,1/15360,6615/60
6616,1693696,1/15360,6616/60
6617,1693952,1/15360,6617/60
6618,1694208,1/15360,6618/60
6619,1694464,1/15360,6619/60
6620,1694720,1/15360,6620/60
6621,1694976,1/15360,6621/60
6622,1695232,1/15360,6622/60
6623,1695488,1/15360,6623/60
6624,1695744,1/15360,6624/60
6625,1696000,1/15360,6625/60
6626,1696256,1/15360,6626/60
6627,1696512,1/15360,6627/60
6628,1696768,1/15360,6628/60
6629,1697024,1/15360,6629/60
6630,1697280,1/15360,6630/60
6631,1697536,1/15360,6631/60
6632,1697792,1/15360,6632/60
6633,1698048,1/15360,6633/60
6634,1698304,1/15360,6634/60
6635,1698560,1/15360,6635/60
6636,1698816,1/15360,6636/60
6637,1699072,1/15360,6637/60
6638,1699328,1/15360,6638/60
6639,1699584,1/15360,6639/60
6640,1699840,1/15360,6640/60
6641,1700096,1/15360,6641/60
6642,1700352,1/15360,6642/60
6643,1700608,1/15360,6643/60
6644,1700864,1/15360,6644/60
6645,1701120,1/15360,6645/60
6646,1701376,1/15360,6646/60
6647,1701632,1/15360,6647/60
6648,1701888,1/15360,6648/60
6649,1702144,1/15360,6649/60
6650,1702400,1/15360,6650/60
6651,1702656,1/15360,6651/60
6652,1702912,1/15360,6652/60
6653,1703168,1/15360,6653/60
6654,1703424,1/15360,6654/60
6655,1703680,1/15360,6655/60
6656,1703936,1/15360,6656/60
6657,1704192,1/15360,6657/60
6658,1704448,1/15360,6658/60
6659,1704704,1/15360,6659/60
6660,1704960,1/15360,6660/60
6661,1705216,1/15360,6661/60
6662,1705472,1/15360,6662/60
6663,1705728,1/15360,6663/60
6664,1705984,1/15360,6664/60
6665,1706240,1/15360,6665/60
6666,1706496,1/15360,6666/60
6667,1706752,1/15360,6667/60
6668,1707008,1/15360,6668/60
6669,1707264,1/15360,6669/60
6670,1707520,1/15360,6670/60
6671,1707776,1/15360,6671/60
6672,1708032,1/15360,6672/60
6673,1708288,1/15360,6673/60
6674,1708544,1/15360,6674/60
6675,1708800,1/15360,6675/60
6676,1709056,1/15360,6676/60
6677,1709312,1/15360,6677/60
6678,1709568,1/15360,6678/60
6679,1709824,1/15360,6679/60
6680,1710080,1/15360,6680/60
6681,1710336,1/15360,6681/60
6682,1710592,1/15360,6682/60
6683,1710848,1/15360,6683/60
6684,1711104,1/15360,6684/60
6685,1711360,1/15360,6685/60
6686,1711616,1/15360,6686/60
6687,1711872,1/15360,6687/60
6688,1712128,1/15360,6688/60
6689,1712384,1/15360,6689/60
6690,1712640,1/15360,6690/60
6691,1712896,1/15360,6691/60
6692,1713152,1/15360,6692/60
6693,1713408,1/15360,6693/60
6694,1713664,1/15360,6694/60
6695,1713920,1/15360,6695/60
6696,1714176,1/15360,6696/60
6697,1714432,1/15360,6697/60
6698,1714688,1/15360,6698/60
6699,1714944,1/15360,6699/60
6700,1715200,1/15360,6700/60
6701,1715456,1/15360,6701/60
6702,1715712,1/15360,6702/60
6703,1715968,1/15360,6703/60
6704,1716224,1/15360,6704/60
6705,1716480,1/15360,6705/60
6706,1716736,1/15360,6706/60
6707,1716992,1/15360,6707/60
6708,1717248,1/15360,6708/60
6709,1717504,1/15360,6709/60
6710,1717760,1/15360,6710/60
6711,1718016,1/15360,6711/60
6712,1718272,1/15360,6712/60
6713,1718528,1/15360,6713/60
6714,1718784,1/15360,6714/60
6715,1719040,1/15360,6715/60
6716,1719296,1/15360,6716/60
6717,1719552,1/15360,6717/60
6718,1719808,1/15360,6718/60
6719,1720064,1/15360,6719/60
6720,1720320,1/15360,6720/60
6721,1720576,1/15360,6721/60
6722,1720832,1/15360,6722/60
6723,1721088,1/15360,6723/60
6724,1721344,1/15360,6724/60
6725,1721600,1/15360,6725/60
6726,1721856,1/15360,6726/60
6727,1722112,1/15360,6727/60
6728,1722368,1/15360,6728/60
6729,1722624,1/15360,6729/60
6730,1722880,1/15360,6730/60
6731,1723136,1/15360,6731/60
6732,1723392,1/15360,6732/60
6733,1723648,1/15360,6733/60
6734,1723904,1/15360,6734/60
6735,1724160,1/15360,6735/60
6736,1724416,1/15360,6736/60
6737,1724672,1/15360,6737/60
6738,1724928,1/15360,6738/60
6739,1725184,1/15360,6739/60
6740,1725440,1/15360,6740/60
6741,1725696,1/15360,6741/60
6742,1725952,1/15360,6742/60
6743,1726208,1/15360,6743/60
6744,1726464,1/15360,6744/60
6745,1726720,1/15360,6745/60
6746,1726976,1/15360,6746/60
6747,1727232,1/15360,6747/60
6748,1727488,1/15360,6748/60
6749,1727744,1/15360,6749/60
6750,1728000,1/15360,6750/60
6751,1728256,1/15360,6751/60
6752,1728512,1/15360,6752/60
6753,1728768,1/15360,6753/60
6754,1729024,1/15360,6754/60
6755,1729280,1/15360,6755/60
6756,1729536,1/15360,6756/60
6757,1729792,1/15360,6757/60
6758,1730048,1/15360,6758/60
6759,1730304,1/15360,6759/60
6760,1730560,1/15360,6760/60
6761,1730816,1/15360,6761/60
6762,1731072,1/15360,6762/60
6763,1731328,1/15360,6763/60
6764,1731584,1/15360,6764/60
6765,1731840,1/15360,6765/60
6766,1732096,1/15360,6766/60
6767,1732352,1/15360,6767/60
6768,1732608,1/15360,6768/60
6769,1732864,1/15360,6769/60
6770,1733120,1/15360,6770/60
6771,1733376,1/15360,6771/60
6772,1733632,1/15360,6772/60
6773,1733888,1/15360,6773/60
6774,1734144,1/15360,6774/60
6775,1734400,1/15360,6775/60
6776,1734656,1/15360,6776/60
6777,1734912,1/15360,6777/60
6778,1735168,1/15360,6778/60
6779,1735424,1/15360,6779/60
6780,1735680,1/15360,6780/60
6781,1735936,1/15360,6781/60
6782,1736192,1/15360,6782/60
6783,1736448,1/15360,6783/60
6784,1736704,1/15360,6784/60
6785,1736960,1/15360,6785/60
6786,1737216,1/15360,6786/60
6787,1737472,1/15360,6787/60
6788,1737728,1/15360,6788/60
6789,1737984,1/15360,6789/60
6790,1738240,1/15360,6790/60
6791,1738496,1/15360,6791/60
6792,1738752,1/15360,6792/60
6793,1739008,1/15360,6793/60
6794,1739264,1/15360,6794/60
6795,1739520,1/15360,6795/60
6796,1739776,1/15360,6796/60
6797,1740032,1/15360,6797/60
6798,1740288,1/15360,6798/60
6799,1740544,1/15360,6799/60
6800,1740800,1/15360,6800/60
6801,1741056,1/15360,6801/60
6802,1741312,1/15360,6802/60
6803,1741568,1/15360,6803/60
6804,1741824,1/15360,6804/60
6805,1742080,1/15360,6805/60
6806,1742336,1/15360,6806/60
6807,1742592,1/15360,6807/60
6808,1742848,1/15360,6808/60
6809,1743104,1/15360,6809/60
6810,1743360,1/15360,6810/60
6811,1743616,1/15360,6811/60
6812,1743872,1/15360,6812/60
6813,1744128,1/15360,6813/60
6814,1744384,1/15360,6814/60
6815,1744640,1/15360,6815/60
6816,1744896,1/15360,6816/60
6817,1745152,1/15360,6817/60
6818,1745408,1/15360,6818/60
6819,1745664,1/15360,6819/60
6820,1745920,1/15360,6820/60
6821,1746176,1/15360,6821/60
