source_frame,pts_ticks,time_base
0,0,1/15360
1,256,1/15360
2,512,1/15360
3,768,1/15360
4,1024,1/15360
5,1280,1/15360
6,1536,1/15360
7,1792,1/15360
8,2048,1/15360
9,2304,1/15360
10,2560,1/15360
11,2816,1/15360
12,3072,1/15360
13,3328,1/15360
14,3584,1/15360
15,3840,1/15360
16,4096,1/15360
17,4352,1/15360
18,4608,1/15360
19,4864,1/15360
20,5120,1/15360
21,5376,1/15360
22,5632,1/15360
23,5888,1/15360
24,6144,1/15360
25,6400,1/15360
26,6656,1/15360
27,6912,1/15360
28,7168,1/15360
29,7424,1/15360
30,7680,1/15360
31,7936,1/15360
32,8192,1/15360
33,8448,1/15360
34,8704,1/15360
35,8960,1/15360
36,9216,1/15360
37,9472,1/15360
38,9728,1/15360
39,9984,1/15360
40,10240,1/15360
41,10496,1/15360
42,10752,1/15360
43,11008,1/15360
44,11264,1/15360
45,11520,1/15360
46,11776,1/15360
47,12032,1/15360
48,12288,1/15360
49,12544,1/15360
50,12800,1/15360
51,13056,1/15360
52,13312,1/15360
53,13568,1/15360
54,13824,1/15360
55,14080,1/15360
56,14336,1/15360
57,14592,1/15360
58,14848,1/15360
59,15104,1/15360
60,15360,1/15360
61,15616,1/15360
62,15872,1/15360
63,16128,1/15360
64,16384,1/15360
65,16640,1/15360
66,16896,1/15360
67,17152,1/15360
68,17408,1/15360
69,17664,1/15360
70,17920,1/15360
71,18176,1/15360
72,18432,1/15360
73,18688,1/15360
74,18944,1/15360
75,19200,1/15360
76,19456,1/15360
77,19712,1/15360
78,19968,1/15360
79,20224,1/15360
80,20480,1/15360
81,20736,1/15360
82,20992,1/15360
83,21248,1/15360
84,21504,1/15360
85,21760,1/15360
86,22016,1/15360
87,22272,1/15360
88,22528,1/15360
89,22784,1/15360
90,23040,1/15360
91,23296,1/15360
92,23552,1/15360
93,23808,1/15360
94,24064,1/15360
95,24320,1/15360
96,24576,1/15360
97,24832,1/15360
98,25088,1/15360
99,25344,1/15360
100,25600,1/15360
101,25856,1/15360
102,26112,1/15360
103,26368,1/15360
104,26624,1/15360
105,26880,1/15360
106,27136,1/15360
107,27392,1/15360
108,27648,1/15360
109,27904,1/15360
110,28160,1/15360
111,28416,1/15360
112,28672,1/15360
113,28928,1/15360
114,29184,1/15360
115,29440,1/15360
116,29696,1/15360
117,29952,1/15360
118,30208,1/15360
119,30464,1/15360
120,30720,1/15360
121,30976,1/15360
122,31232,1/15360
123,31488,1/15360
124,31744,1/15360
125,32000,1/15360
126,32256,1/15360
127,32512,1/15360
128,32768,1/15360
129,33024,1/15360
130,33280,1/15360
131,33536,1/15360
132,33792,1/15360
133,34048,1/15360
134,34304,1/15360
135,34560,1/15360
136,34816,1/15360
137,35072,1/15360
138,35328,1/15360
139,35584,1/15360
140,35840,1/15360
141,36096,1/15360
142,36352,1/15360
143,36608,1/15360
144,36864,1/15360
145,37120,1/15360
146,37376,1/15360
147,37632,1/15360
148,37888,1/15360
149,38144,1/15360
150,38400,1/15360
151,38656,1/15360
152,38912,1/15360
153,39168,1/15360
154,39424,1/15360
155,39680,1/15360
156,39936,1/15360
157,40192,1/15360
158,40448,1/15360
159,40704,1/15360
160,40960,1/15360
161,41216,1/15360
162,41472,1/15360
163,41728,1/15360
164,41984,1/15360
165,42240,1/15360
166,42496,1/15360
167,42752,1/15360
168,43008,1/15360
169,43264,1/15360
170,43520,1/15360
171,43776,1/15360
172,44032,1/15360
173,44288,1/15360
174,44544,1/15360
175,44800,1/15360
176,45056,1/15360
177,45312,1/15360
178,45568,1/15360
179,45824,1/15360
180,46080,1/15360
181,46336,1/15360
182,46592,1/15360
183,46848,1/15360
184,47104,1/15360
185,47360,1/15360
186,47616,1/15360
187,47872,1/15360
188,48128,1/15360
189,48384,1/15360
190,48640,1/15360
191,48896,1/15360
192,49152,1/15360
193,49408,1/15360
194,49664,1/15360
195,49920,1/15360
196,50176,1/15360
197,50432,1/15360
198,50688,1/15360
199,50944,1/15360
200,51200,1/15360
201,51456,1/15360
202,51712,1/15360
203,51968,1/15360
204,52224,1/15360
205,52480,1/15360
206,52736,1/15360
207,52992,1/15360
208,53248,1/15360
209,53504,1/15360
210,53760,1/15360
211,54016,1/15360
212,54272,1/15360
213,54528,1/15360
214,54784,1/15360
215,55040,1/15360
216,55296,1/15360
217,55552,1/15360
218,55808,1/15360
219,56064,1/15360
220,56320,1/15360
221,56576,1/15360
222,56832,1/15360
223,57088,1/15360
224,57344,1/15360
225,57600,1/15360
226,57856,1/15360
227,58112,1/15360
228,58368,1/15360
229,58624,1/15360
230,58880,1/15360
231,59136,1/15360
232,59392,1/15360
233,59648,1/15360
234,59904,1/15360
235,60160,1/15360
236,60416,1/15360
237,60672,1/15360
238,60928,1/15360
239,61184,1/15360
240,61440,1/15360
241,61696,1/15360
242,61952,1/15360
243,62208,1/15360
244,62464,1/15360
245,62720,1/15360
246,62976,1/15360
247,63232,1/15360
248,63488,1/15360
249,63744,1/15360
250,64000,1/15360
251,64256,1/15360
252,64512,1/15360
253,64768,1/15360
254,65024,1/15360
255,65280,1/15360
256,65536,1/15360
257,65792,1/15360
258,66048,1/15360
259,66304,1/15360
260,66560,1/15360
261,66816,1/15360
262,67072,1/15360
263,67328,1/15360
264,67584,1/15360
265,67840,1/15360
266,68096,1/15360
267,68352,1/15360
268,68608,1/15360
269,68864,1/15360
270,69120,1/15360
271,69376,1/15360
272,69632,1/15360
273,69888,1/15360
274,70144,1/15360
275,70400,1/15360
276,70656,1/15360
277,70912,1/15360
278,71168,1/15360
279,71424,1/15360
280,71680,1/15360
281,71936,1/15360
282,72192,1/15360
283,72448,1/15360
284,72704,1/15360
285,72960,1/15360
286,73216,1/15360
287,73472,1/15360
288,73728,1/15360
289,73984,1/15360
290,74240,1/15360
291,74496,1/15360
292,74752,1/15360
293,75008,1/15360
294,75264,1/15360
295,75520,1/15360
296,75776,1/15360
297,76032,1/15360
298,76288,1/15360
299,76544,1/15360
300,76800,1/15360
301,77056,1/15360
302,77312,1/15360
303,77568,1/15360
304,77824,1/15360
305,78080,1/15360
306,78336,1/15360
307,78592,1/15360
308,78848,1/15360
309,79104,1/15360
310,79360,1/15360
311,79616,1/15360
312,79872,1/15360
313,80128,1/15360
314,80384,1/15360
315,80640,1/15360
316,80896,1/15360
317,81152,1/15360
318,81408,1/15360
319,81664,1/15360
320,81920,1/15360
321,82176,1/15360
322,82432,1/15360
323,82688,1/15360
324,82944,1/15360
325,83200,1/15360
326,83456,1/15360
327,83712,1/15360
328,83968,1/15360
329,84224,1/15360
330,84480,1/15360
331,84736,1/15360
332,84992,1/15360
333,85248,1/15360
334,85504,1/15360
335,85760,1/15360
336,86016,1/15360
337,86272,1/15360
338,86528,1/15360
339,86784,1/15360
340,87040,1/15360
341,87296,1/15360
342,87552,1/15360
343,87808,1/15360
344,88064,1/15360
345,88320,1/15360
346,88576,1/15360
347,88832,1/15360
348,89088,1/15360
349,89344,1/15360
350,89600,1/15360
351,89856,1/15360
352,90112,1/15360
353,90368,1/15360
354,90624,1/15360
355,90880,1/15360
356,91136,1/15360
357,91392,1/15360
358,91648,1/15360
359,91904,1/15360
360,92160,1/15360
361,92416,1/15360
362,92672,1/15360
363,92928,1/15360
364,93184,1/15360
365,93440,1/15360
366,93696,1/15360
367,93952,1/15360
368,94208,1/15360
369,94464,1/15360
370,94720,1/15360
371,94976,1/15360
372,95232,1/15360
373,95488,1/15360
374,95744,1/15360
375,96000,1/15360
376,96256,1/15360
377,96512,1/15360
378,96768,1/15360
379,97024,1/15360
380,97280,1/15360
381,97536,1/15360
382,97792,1/15360
383,98048,1/15360
384,98304,1/15360
385,98560,1/15360
386,98816,1/15360
387,99072,1/15360
388,99328,1/15360
389,99584,1/15360
390,99840,1/15360
391,100096,1/15360
392,100352,1/15360
393,100608,1/15360
394,100864,1/15360
395,101120,1/15360
396,101376,1/15360
397,101632,1/15360
398,101888,1/15360
399,102144,1/15360
400,102400,1/15360
401,102656,1/15360
402,102912,1/15360
403,103168,1/15360
404,103424,1/15360
405,103680,1/15360
406,103936,1/15360
407,104192,1/15360
408,104448,1/15360
409,104704,1/15360
410,104960,1/15360
411,105216,1/15360
412,105472,1/15360
413,105728,1/15360
414,105984,1/15360
415,106240,1/15360
416,106496,1/15360
417,106752,1/15360
418,107008,1/15360
419,107264,1/15360
420,107520,1/15360
421,107776,1/15360
422,108032,1/15360
423,108288,1/15360
424,108544,1/15360
425,108800,1/15360
426,109056,1/15360
427,109312,1/15360
428,109568,1/15360
429,109824,1/15360
430,110080,1/15360
431,110336,1/15360
432,110592,1/15360
433,110848,1/15360
434,111104,1/15360
435,111360,1/15360
436,111616,1/15360
437,111872,1/15360
438,112128,1/15360
439,112384,1/15360
440,112640,1/15360
441,112896,1/15360
442,113152,1/15360
443,113408,1/15360
444,113664,1/15360
445,113920,1/15360
446,114176,1/15360
447,114432,1/15360
448,114688,1/15360
449,114944,1/15360
450,115200,1/15360
451,115456,1/15360
452,115712,1/15360
453,115968,1/15360
454,116224,1/15360
455,116480,1/15360
456,116736,1/15360
457,116992,1/15360
458,117248,1/15360
459,117504,1/15360
460,117760,1/15360
461,118016,1/15360
462,118272,1/15360
463,118528,1/15360
464,118784,1/15360
465,119040,1/15360
466,119296,1/15360
467,119552,1/15360
468,119808,1/15360
469,120064,1/15360
470,120320,1/15360
471,120576,1/15360
472,120832,1/15360
473,121088,1/15360
474,121344,1/15360
475,121600,1/15360
476,121856,1/15360
477,122112,1/15360
478,122368,1/15360
479,122624,1/15360
480,122880,1/15360
481,123136,1/15360
482,123392,1/15360
483,123648,1/15360
484,123904,1/15360
485,124160,1/15360
486,124416,1/15360
487,124672,1/15360
488,124928,1/15360
489,125184,1/15360
490,125440,1/15360
491,125696,1/15360
492,125952,1/15360
493,126208,1/15360
494,126464,1/15360
495,126720,1/15360
496,126976,1/15360
497,127232,1/15360
498,127488,1/15360
499,127744,1/15360
500,128000,1/15360
501,128256,1/15360
502,128512,1/15360
503,128768,1/15360
504,129024,1/15360
505,129280,1/15360
506,129536,1/15360
507,129792,1/15360
508,130048,1/15360
509,130304,1/15360
510,130560,1/15360
511,130816,1/15360
512,131072,1/15360
513,131328,1/15360
514,131584,1/15360
515,131840,1/15360
516,132096,1/15360
517,132352,1/15360
518,132608,1/15360
519,132864,1/15360
520,133120,1/15360
521,133376,1/15360
522,133632,1/15360
523,133888,1/15360
524,134144,1/15360
525,134400,1/15360
526,134656,1/15360
527,134912,1/15360
528,135168,1/15360
529,135424,1/15360
530,135680,1/15360
531,135936,1/15360
532,136192,1/15360
533,136448,1/15360
534,136704,1/15360
535,136960,1/15360
536,137216,1/15360
537,137472,1/15360
538,137728,1/15360
539,137984,1/15360
540,138240,1/15360
541,138496,1/15360
542,138752,1/15360
543,139008,1/15360
544,139264,1/15360
545,139520,1/15360
546,139776,1/15360
547,140032,1/15360
548,140288,1/15360
549,140544,1/15360
550,140800,1/15360
551,141056,1/15360
552,141312,1/15360
553,141568,1/15360
554,141824,1/15360
555,142080,1/15360
556,142336,1/15360
557,142592,1/15360
558,142848,1/15360
559,143104,1/15360
560,143360,1/15360
561,143616,1/15360
562,143872,1/15360
563,144128,1/15360
564,144384,1/15360
565,144640,1/15360
566,144896,1/15360
567,145152,1/15360
568,145408,1/15360
569,145664,1/15360
570,145920,1/15360
571,146176,1/15360
572,146432,1/15360
573,146688,1/15360
574,146944,1/15360
575,147200,1/15360
576,147456,1/15360
577,147712,1/15360
578,147968,1/15360
579,148224,1/15360
580,148480,1/15360
581,148736,1/15360
582,148992,1/15360
583,149248,1/15360
584,149504,1/15360
585,149760,1/15360
586,150016,1/15360
587,150272,1/15360
588,150528,1/15360
589,150784,1/15360
590,151040,1/15360
591,151296,1/15360
592,151552,1/15360
593,151808,1/15360
594,152064,1/15360
595,152320,1/15360
596,152576,1/15360
597,152832,1/15360
598,153088,1/15360
599,153344,1/15360
600,153600,1/15360
601,153856,1/15360
602,154112,1/15360
603,154368,1/15360
604,154624,1/15360
605,154880,1/15360
606,155136,1/15360
607,155392,1/15360
608,155648,1/15360
609,155904,1/15360
610,156160,1/15360
611,156416,1/15360
612,156672,1/15360
613,156928,1/15360
614,157184,1/15360
615,157440,1/15360
616,157696,1/15360
617,157952,1/15360
618,158208,1/15360
619,158464,1/15360
620,158720,1/15360
621,158976,1/15360
622,159232,1/15360
623,159488,1/15360
624,159744,1/15360
625,160000,1/15360
626,160256,1/15360
627,160512,1/15360
628,160768,1/15360
629,161024,1/15360
630,161280,1/15360
631,161536,1/15360
632,161792,1/15360
633,162048,1/15360
634,162304,1/15360
635,162560,1/15360
636,162816,1/15360
637,163072,1/15360
638,163328,1/15360
639,163584,1/15360
640,163840,1/15360
641,164096,1/15360
642,164352,1/15360
643,164608,1/15360
644,164864,1/15360
645,165120,1/15360
646,165376,1/15360
647,165632,1/15360
648,165888,1/15360
649,166144,1/15360
650,166400,1/15360
651,166656,1/15360
652,166912,1/15360
653,167168,1/15360
654,167424,1/15360
655,167680,1/15360
656,167936,1/15360
657,168192,1/15360
658,168448,1/15360
659,168704,1/15360
660,168960,1/15360
661,169216,1/15360
662,169472,1/15360
663,169728,1/15360
664,169984,1/15360
665,170240,1/15360
666,170496,1/15360
667,170752,1/15360
668,171008,1/15360
669,171264,1/15360
670,171520,1/15360
671,171776,1/15360
672,172032,1/15360
673,172288,1/15360
674,172544,1/15360
675,172800,1/15360
676,173056,1/15360
677,173312,1/15360
678,173568,1/15360
679,173824,1/15360
680,174080,1/15360
681,174336,1/15360
682,174592,1/15360
683,174848,1/15360
684,175104,1/15360
685,175360,1/15360
686,175616,1/15360
687,175872,1/15360
688,176128,1/15360
689,176384,1/15360
690,176640,1/15360
691,176896,1/15360
692,177152,1/15360
693,177408,1/15360
694,177664,1/15360
695,177920,1/15360
696,178176,1/15360
697,178432,1/15360
698,178688,1/15360
699,178944,1/15360
700,179200,1/15360
701,179456,1/15360
702,179712,1/15360
703,179968,1/15360
704,180224,1/15360
705,180480,1/15360
706,180736,1/15360
707,180992,1/15360
708,181248,1/15360
709,181504,1/15360
710,181760,1/15360
711,182016,1/15360
712,182272,1/15360
713,182528,1/15360
714,182784,1/15360
715,183040,1/15360
716,183296,1/15360
717,183552,1/15360
718,183808,1/15360
719,184064,1/15360
720,184320,1/15360
721,184576,1/15360
722,184832,1/15360
723,185088,1/15360
724,185344,1/15360
725,185600,1/15360
726,185856,1/15360
727,186112,1/15360
728,186368,1/15360
729,186624,1/15360
730,186880,1/15360
731,187136,1/15360
732,187392,1/15360
733,187648,1/15360
734,187904,1/15360
735,188160,1/15360
736,188416,1/15360
737,188672,1/15360
738,188928,1/15360
739,189184,1/15360
740,189440,1/15360
741,189696,1/15360
742,189952,1/15360
743,190208,1/15360
744,190464,1/15360
745,190720,1/15360
746,190976,1/15360
747,191232,1/15360
748,191488,1/15360
749,191744,1/15360
750,192000,1/15360
751,192256,1/15360
752,192512,1/15360
753,192768,1/15360
754,193024,1/15360
755,193280,1/15360
756,193536,1/15360
757,193792,1/15360
758,194048,1/15360
759,194304,1/15360
760,194560,1/15360
761,194816,1/15360
762,195072,1/15360
763,195328,1/15360
764,195584,1/15360
765,195840,1/15360
766,196096,1/15360
767,196352,1/15360
768,196608,1/15360
769,196864,1/15360
770,197120,1/15360
771,197376,1/15360
772,197632,1/15360
773,197888,1/15360
774,198144,1/15360
775,198400,1/15360
776,198656,1/15360
777,198912,1/15360
778,199168,1/15360
779,199424,1/15360
780,199680,1/15360
781,199936,1/15360
782,200192,1/15360
783,200448,1/15360
784,200704,1/15360
785,200960,1/15360
786,201216,1/15360
787,201472,1/15360
788,201728,1/15360
789,201984,1/15360
790,202240,1/15360
791,202496,1/15360
792,202752,1/15360
793,203008,1/15360
794,203264,1/15360
795,203520,1/15360
796,203776,1/15360
797,204032,1/15360
798,204288,1/15360
799,204544,1/15360
800,204800,1/15360
801,205056,1/15360
802,205312,1/15360
803,205568,1/15360
804,205824,1/15360
805,206080,1/15360
806,206336,1/15360
807,206592,1/15360
808,206848,1/15360
809,207104,1/15360
810,207360,1/15360
811,207616,1/15360
812,207872,1/15360
813,208128,1/15360
814,208384,1/15360
815,208640,1/15360
816,208896,1/15360
817,209152,1/15360
818,209408,1/15360
819,209664,1/15360
820,209920,1/15360
821,210176,1/15360
822,210432,1/15360
823,210688,1/15360
824,210944,1/15360
825,211200,1/15360
826,211456,1/15360
827,211712,1/15360
828,211968,1/15360
829,212224,1/15360
830,212480,1/15360
831,212736,1/15360
832,212992,1/15360
833,213248,1/15360
834,213504,1/15360
835,213760,1/15360
836,214016,1/15360
837,214272,1/15360
838,214528,1/15360
839,214784,1/15360
840,215040,1/15360
841,215296,1/15360
842,215552,1/15360
843,215808,1/15360
844,216064,1/15360
845,216320,1/15360
846,216576,1/15360
847,216832,1/15360
848,217088,1/15360
849,217344,1/15360
850,217600,1/15360
851,217856,1/15360
852,218112,1/15360
853,218368,1/15360
854,218624,1/15360
855,218880,1/15360
856,219136,1/15360
857,219392,1/15360
858,219648,1/15360
859,219904,1/15360
860,220160,1/15360
861,220416,1/15360
862,220672,1/15360
863,220928,1/15360
864,221184,1/15360
865,221440,1/15360
866,221696,1/15360
867,221952,1/15360
868,222208,1/15360
869,222464,1/15360
870,222720,1/15360
871,222976,1/15360
872,223232,1/15360
873,223488,1/15360
874,223744,1/15360
875,224000,1/15360
876,224256,1/15360
877,224512,1/15360
878,224768,1/15360
879,225024,1/15360
880,225280,1/15360
881,225536,1/15360
882,225792,1/15360
883,226048,1/15360
884,226304,1/15360
885,226560,1/15360
886,226816,1/15360
887,227072,1/15360
888,227328,1/15360
889,227584,1/15360
890,227840,1/15360
891,228096,1/15360
892,228352,1/15360
893,228608,1/15360
894,228864,1/15360
895,229120,1/15360
896,229376,1/15360
897,229632,1/15360
898,229888,1/15360
899,230144,1/15360
900,230400,1/15360
901,230656,1/15360
902,230912,1/15360
903,231168,1/15360
904,231424,1/15360
905,231680,1/15360
906,231936,1/15360
907,232192,1/15360
908,232448,1/15360
909,232704,1/15360
910,232960,1/15360
911,233216,1/15360
912,233472,1/15360
913,233728,1/15360
914,233984,1/15360
915,234240,1/15360
916,234496,1/15360
917,234752,1/15360
918,235008,1/15360
919,235264,1/15360
920,235520,1/15360
921,235776,1/15360
922,236032,1/15360
923,236288,1/15360
924,236544,1/15360
925,236800,1/15360
926,237056,1/15360
927,237312,1/15360
928,237568,1/15360
929,237824,1/15360
930,238080,1/15360
931,238336,1/15360
932,238592,1/15360
933,238848,1/15360
934,239104,1/15360
935,239360,1/15360
936,239616,1/15360
937,239872,1/15360
938,240128,1/15360
939,240384,1/15360
940,240640,1/15360
941,240896,1/15360
942,241152,1/15360
943,241408,1/15360
944,241664,1/15360
945,241920,1/15360
946,242176,1/15360
947,242432,1/15360
948,242688,1/15360
949,242944,1/15360
950,243200,1/15360
951,243456,1/15360
952,243712,1/15360
953,243968,1/15360
954,244224,1/15360
955,244480,1/15360
956,244736,1/15360
957,244992,1/15360
958,245248,1/15360
959,245504,1/15360
960,245760,1/15360
961,246016,1/15360
962,246272,1/15360
963,246528,1/15360
964,246784,1/15360
965,247040,1/15360
966,247296,1/15360
967,247552,1/15360
968,247808,1/15360
969,248064,1/15360
970,248320,1/15360
971,248576,1/15360
972,248832,1/15360
973,249088,1/15360
974,249344,1/15360
975,249600,1/15360
976,249856,1/15360
977,250112,1/15360
978,250368,1/15360
979,250624,1/15360
980,250880,1/15360
981,251136,1/15360
982,251392,1/15360
983,251648,1/15360
984,251904,1/15360
985,252160,1/15360
986,252416,1/15360
987,252672,1/15360
988,252928,1/15360
989,253184,1/15360
990,253440,1/15360
991,253696,1/15360
992,253952,1/15360
993,254208,1/15360
994,254464,1/15360
995,254720,1/15360
996,254976,1/15360
997,255232,1/15360
998,255488,1/15360
999,255744,1/15360
1000,256000,1/15360
1001,256256,1/15360
1002,256512,1/15360
1003,256768,1/15360
1004,257024,1/15360
1005,257280,1/15360
1006,257536,1/15360
1007,257792,1/15360
1008,258048,1/15360
1009,258304,1/15360
1010,258560,1/15360
1011,258816,1/15360
1012,259072,1/15360
1013,259328,1/15360
1014,259584,1/15360
1015,259840,1/15360
1016,260096,1/15360
1017,260352,1/15360
1018,260608,1/15360
1019,260864,1/15360
1020,261120,1/15360
1021,261376,1/15360
1022,261632,1/15360
1023,261888,1/15360
1024,262144,1/15360
1025,262400,1/15360
1026,262656,1/15360
1027,262912,1/15360
1028,263168,1/15360
1029,263424,1/15360
1030,263680,1/15360
1031,263936,1/15360
1032,264192,1/15360
1033,264448,1/15360
1034,264704,1/15360
1035,264960,1/15360
1036,265216,1/15360
1037,265472,1/15360
1038,265728,1/15360
1039,265984,1/15360
1040,266240,1/15360
1041,266496,1/15360
1042,266752,1/15360
1043,267008,1/15360
1044,267264,1/15360
1045,267520,1/15360
1046,267776,1/15360
1047,268032,1/15360
1048,268288,1/15360
1049,268544,1/15360
1050,268800,1/15360
1051,269056,1/15360
1052,269312,1/15360
1053,269568,1/15360
1054,269824,1/15360
1055,270080,1/15360
1056,270336,1/15360
1057,270592,1/15360
1058,270848,1/15360
1059,271104,1/15360
1060,271360,1/15360
1061,271616,1/15360
1062,271872,1/15360
1063,272128,1/15360
1064,272384,1/15360
1065,272640,1/15360
1066,272896,1/15360
1067,273152,1/15360
1068,273408,1/15360
1069,273664,1/15360
1070,273920,1/15360
1071,274176,1/15360
1072,274432,1/15360
1073,274688,1/15360
1074,274944,1/15360
1075,275200,1/15360
1076,275456,1/15360
1077,275712,1/15360
1078,275968,1/15360
1079,276224,1/15360
1080,276480,1/15360
1081,276736,1/15360
1082,276992,1/15360
1083,277248,1/15360
1084,277504,1/15360
1085,277760,1/15360
1086,278016,1/15360
1087,278272,1/15360
1088,278528,1/15360
1089,278784,1/15360
1090,279040,1/15360
1091,279296,1/15360
1092,279552,1/15360
1093,279808,1/15360
1094,280064,1/15360
1095,280320,1/15360
1096,280576,1/15360
1097,280832,1/15360
1098,281088,1/15360
1099,281344,1/15360
1100,281600,1/15360
1101,281856,1/15360
1102,282112,1/15360
1103,282368,1/15360
1104,282624,1/15360
1105,282880,1/15360
1106,283136,1/15360
1107,283392,1/15360
1108,283648,1/15360
1109,283904,1/15360
1110,284160,1/15360
1111,284416,1/15360
1112,284672,1/15360
1113,284928,1/15360
1114,285184,1/15360
1115,285440,1/15360
1116,285696,1/15360
1117,285952,1/15360
1118,286208,1/15360
1119,286464,1/15360
1120,286720,1/15360
1121,286976,1/15360
1122,287232,1/15360
1123,287488,1/15360
1124,287744,1/15360
1125,288000,1/15360
1126,288256,1/15360
1127,288512,1/15360
1128,288768,1/15360
1129,289024,1/15360
1130,289280,1/15360
1131,289536,1/15360
1132,289792,1/15360
1133,290048,1/15360
1134,290304,1/15360
1135,290560,1/15360
1136,290816,1/15360
1137,291072,1/15360
1138,291328,1/15360
1139,291584,1/15360
1140,291840,1/15360
1141,292096,1/15360
1142,292352,1/15360
1143,292608,1/15360
1144,292864,1/15360
1145,293120,1/15360
1146,293376,1/15360
1147,293632,1/15360
1148,293888,1/15360
1149,294144,1/15360
1150,294400,1/15360
1151,294656,1/15360
1152,294912,1/15360
1153,295168,1/15360
1154,295424,1/15360
1155,295680,1/15360
1156,295936,1/15360
1157,296192,1/15360
1158,296448,1/15360
1159,296704,1/15360
1160,296960,1/15360
1161,297216,1/15360
1162,297472,1/15360
1163,297728,1/15360
1164,297984,1/15360
1165,298240,1/15360
1166,298496,1/15360
1167,298752,1/15360
1168,299008,1/15360
1169,299264,1/15360
1170,299520,1/15360
1171,299776,1/15360
1172,300032,1/15360
1173,300288,1/15360
1174,300544,1/15360
1175,300800,1/15360
1176,301056,1/15360
1177,301312,1/15360
1178,301568,1/15360
1179,301824,1/15360
1180,302080,1/15360
1181,302336,1/15360
1182,302592,1/15360
1183,302848,1/15360
1184,303104,1/15360
1185,303360,1/15360
1186,303616,1/15360
1187,303872,1/15360
1188,304128,1/15360
1189,304384,1/15360
1190,304640,1/15360
1191,304896,1/15360
1192,305152,1/15360
1193,305408,1/15360
1194,305664,1/15360
1195,305920,1/15360
1196,306176,1/15360
1197,306432,1/15360
1198,306688,1/15360
1199,306944,1/15360
1200,307200,1/15360
1201,307456,1/15360
1202,307712,1/15360
1203,307968,1/15360
1204,308224,1/15360
1205,308480,1/15360
1206,308736,1/15360
1207,308992,1/15360
1208,309248,1/15360
1209,309504,1/15360
1210,309760,1/15360
1211,310016,1/15360
1212,310272,1/15360
1213,310528,1/15360
1214,310784,1/15360
1215,311040,1/15360
1216,311296,1/15360
1217,311552,1/15360
1218,311808,1/15360
1219,312064,1/15360
1220,312320,1/15360
1221,312576,1/15360
1222,312832,1/15360
1223,313088,1/15360
1224,313344,1/15360
1225,313600,1/15360
1226,313856,1/15360
1227,314112,1/15360
1228,314368,1/15360
1229,314624,1/15360
1230,314880,1/15360
1231,315136,1/15360
1232,315392,1/15360
1233,315648,1/15360
1234,315904,1/15360
1235,316160,1/15360
1236,316416,1/15360
1237,316672,1/15360
1238,316928,1/15360
1239,317184,1/15360
1240,317440,1/15360
1241,317696,1/15360
1242,317952,1/15360
1243,318208,1/15360
1244,318464,1/15360
1245,318720,1/15360
1246,318976,1/15360
1247,319232,1/15360
1248,319488,1/15360
1249,319744,1/15360
1250,320000,1/15360
1251,320256,1/15360
1252,320512,1/15360
1253,320768,1/15360
1254,321024,1/15360
1255,321280,1/15360
1256,321536,1/15360
1257,321792,1/15360
1258,322048,1/15360
1259,322304,1/15360
1260,322560,1/15360
1261,322816,1/15360
1262,323072,1/15360
1263,323328,1/15360
1264,323584,1/15360
1265,323840,1/15360
1266,324096,1/15360
1267,324352,1/15360
1268,324608,1/15360
1269,324864,1/15360
1270,325120,1/15360
1271,325376,1/15360
1272,325632,1/15360
1273,325888,1/15360
1274,326144,1/15360
1275,326400,1/15360
1276,326656,1/15360
1277,326912,1/15360
1278,327168,1/15360
1279,327424,1/15360
1280,327680,1/15360
1281,327936,1/15360
1282,328192,1/15360
1283,328448,1/15360
1284,328704,1/15360
1285,328960,1/15360
1286,329216,1/15360
1287,329472,1/15360
1288,329728,1/15360
1289,329984,1/15360
1290,330240,1/15360
1291,330496,1/15360
1292,330752,1/15360
1293,331008,1/15360
1294,331264,1/15360
1295,331520,1/15360
1296,331776,1/15360
1297,332032,1/15360
1298,332288,1/15360
1299,332544,1/15360
1300,332800,1/15360
1301,333056,1/15360
1302,333312,1/15360
1303,333568,1/15360
1304,333824,1/15360
1305,334080,1/15360
1306,334336,1/15360
1307,334592,1/15360
1308,334848,1/15360
1309,335104,1/15360
1310,335360,1/15360
1311,335616,1/15360
1312,335872,1/15360
1313,336128,1/15360
1314,336384,1/15360
1315,336640,1/15360
1316,336896,1/15360
1317,337152,1/15360
1318,337408,1/15360
1319,337664,1/15360
1320,337920,1/15360
1321,338176,1/15360
1322,338432,1/15360
1323,338688,1/15360
1324,338944,1/15360
1325,339200,1/15360
1326,339456,1/15360
1327,339712,1/15360
1328,339968,1/15360
1329,340224,1/15360
1330,340480,1/15360
1331,340736,1/15360
1332,340992,1/15360
1333,341248,1/15360
1334,341504,1/15360
1335,341760,1/15360
1336,342016,1/15360
1337,342272,1/15360
1338,342528,1/15360
1339,342784,1/15360
1340,343040,1/15360
1341,343296,1/15360
1342,343552,1/15360
1343,343808,1/15360
1344,344064,1/15360
1345,344320,1/15360
1346,344576,1/15360
1347,344832,1/15360
1348,345088,1/15360
1349,345344,1/15360
1350,345600,1/15360
1351,345856,1/15360
1352,346112,1/15360
1353,346368,1/15360
1354,346624,1/15360
1355,346880,1/15360
1356,347136,1/15360
1357,347392,1/15360
1358,347648,1/15360
1359,347904,1/15360
1360,348160,1/15360
1361,348416,1/15360
1362,348672,1/15360
1363,348928,1/15360
1364,349184,1/15360
1365,349440,1/15360
1366,349696,1/15360
1367,349952,1/15360
1368,350208,1/15360
1369,350464,1/15360
1370,350720,1/15360
1371,350976,1/15360
1372,351232,1/15360
1373,351488,1/15360
1374,351744,1/15360
1375,352000,1/15360
1376,352256,1/15360
1377,352512,1/15360
1378,352768,1/15360
1379,353024,1/15360
1380,353280,1/15360
1381,353536,1/15360
1382,353792,1/15360
1383,354048,1/15360
1384,354304,1/15360
1385,354560,1/15360
1386,354816,1/15360
1387,355072,1/15360
1388,355328,1/15360
1389,355584,1/15360
1390,355840,1/15360
1391,356096,1/15360
1392,356352,1/15360
1393,356608,1/15360
1394,356864,1/15360
1395,357120,1/15360
1396,357376,1/15360
1397,357632,1/15360
1398,357888,1/15360
1399,358144,1/15360
1400,358400,1/15360
1401,358656,1/15360
1402,358912,1/15360
1403,359168,1/15360
1404,359424,1/15360
1405,359680,1/15360
1406,359936,1/15360
1407,360192,1/15360
1408,360448,1/15360
1409,360704,1/15360
1410,360960,1/15360
1411,361216,1/15360
1412,361472,1/15360
1413,361728,1/15360
1414,361984,1/15360
1415,362240,1/15360
1416,362496,1/15360
1417,362752,1/15360
1418,363008,1/15360
1419,363264,1/15360
1420,363520,1/15360
1421,363776,1/15360
1422,364032,1/15360
1423,364288,1/15360
1424,364544,1/15360
1425,364800,1/15360
1426,365056,1/15360
1427,365312,1/15360
1428,365568,1/15360
1429,365824,1/15360
1430,366080,1/15360
1431,366336,1/15360
1432,366592,1/15360
1433,366848,1/15360
1434,367104,1/15360
1435,367360,1/15360
1436,367616,1/15360
1437,367872,1/15360
1438,368128,1/15360
1439,368384,1/15360
1440,368640,1/15360
1441,368896,1/15360
1442,369152,1/15360
1443,369408,1/15360
1444,369664,1/15360
1445,369920,1/15360
1446,370176,1/15360
1447,370432,1/15360
1448,370688,1/15360
1449,370944,1/15360
1450,371200,1/15360
1451,371456,1/15360
1452,371712,1/15360
1453,371968,1/15360
1454,372224,1/15360
1455,372480,1/15360
1456,372736,1/15360
1457,372992,1/15360
1458,373248,1/15360
1459,373504,1/15360
1460,373760,1/15360
1461,374016,1/15360
1462,374272,1/15360
1463,374528,1/15360
1464,374784,1/15360
1465,375040,1/15360
1466,375296,1/15360
1467,375552,1/15360
1468,375808,1/15360
1469,376064,1/15360
1470,376320,1/15360
1471,376576,1/15360
1472,376832,1/15360
1473,377088,1/15360
1474,377344,1/15360
1475,377600,1/15360
1476,377856,1/15360
1477,378112,1/15360
1478,378368,1/15360
1479,378624,1/15360
1480,378880,1/15360
1481,379136,1/15360
1482,379392,1/15360
1483,379648,1/15360
1484,379904,1/15360
1485,380160,1/15360
1486,380416,1/15360
1487,380672,1/15360
1488,380928,1/15360
1489,381184,1/15360
1490,381440,1/15360
1491,381696,1/15360
1492,381952,1/15360
1493,382208,1/15360
1494,382464,1/15360
1495,382720,1/15360
1496,382976,1/15360
1497,383232,1/15360
1498,383488,1/15360
1499,383744,1/15360
1500,384000,1/15360
1501,384256,1/15360
1502,384512,1/15360
1503,384768,1/15360
1504,385024,1/15360
1505,385280,1/15360
1506,385536,1/15360
1507,385792,1/15360
1508,386048,1/15360
1509,386304,1/15360
1510,386560,1/15360
1511,386816,1/15360
1512,387072,1/15360
1513,387328,1/15360
1514,387584,1/15360
1515,387840,1/15360
1516,388096,1/15360
1517,388352,1/15360
1518,388608,1/15360
1519,388864,1/15360
1520,389120,1/15360
1521,389376,1/15360
1522,389632,1/15360
1523,389888,1/15360
1524,390144,1/15360
1525,390400,1/15360
1526,390656,1/15360
1527,390912,1/15360
1528,391168,1/15360
1529,391424,1/15360
1530,391680,1/15360
1531,391936,1/15360
1532,392192,1/15360
1533,392448,1/15360
1534,392704,1/15360
1535,392960,1/15360
1536,393216,1/15360
1537,393472,1/15360
1538,393728,1/15360
1539,393984,1/15360
1540,394240,1/15360
1541,394496,1/15360
1542,394752,1/15360
1543,395008,1/15360
1544,395264,1/15360
1545,395520,1/15360
1546,395776,1/15360
1547,396032,1/15360
1548,396288,1/15360
1549,396544,1/15360
1550,396800,1/15360
1551,397056,1/15360
1552,397312,1/15360
1553,397568,1/15360
1554,397824,1/15360
1555,398080,1/15360
1556,398336,1/15360
1557,398592,1/15360
1558,398848,1/15360
1559,399104,1/15360
1560,399360,1/15360
1561,399616,1/15360
1562,399872,1/15360
1563,400128,1/15360
1564,400384,1/15360
1565,400640,1/15360
1566,400896,1/15360
1567,401152,1/15360
1568,401408,1/15360
1569,401664,1/15360
1570,401920,1/15360
1571,402176,1/15360
1572,402432,1/15360
1573,402688,1/15360
1574,402944,1/15360
1575,403200,1/15360
1576,403456,1/15360
1577,403712,1/15360
1578,403968,1/15360
1579,404224,1/15360
1580,404480,1/15360
1581,404736,1/15360
1582,404992,1/15360
1583,405248,1/15360
1584,405504,1/15360
1585,405760,1/15360
1586,406016,1/15360
1587,406272,1/15360
1588,406528,1/15360
1589,406784,1/15360
1590,407040,1/15360
1591,407296,1/15360
1592,407552,1/15360
1593,407808,1/15360
1594,408064,1/15360
1595,408320,1/15360
1596,408576,1/15360
1597,408832,1/15360
1598,409088,1/15360
1599,409344,1/15360
1600,409600,1/15360
1601,409856,1/15360
1602,410112,1/15360
1603,410368,1/15360
1604,410624,1/15360
1605,410880,1/15360
1606,411136,1/15360
1607,411392,1/15360
1608,411648,1/15360
1609,411904,1/15360
1610,412160,1/15360
1611,412416,1/15360
1612,412672,1/15360
1613,412928,1/15360
1614,413184,1/15360
1615,413440,1/15360
1616,413696,1/15360
1617,413952,1/15360
1618,414208,1/15360
1619,414464,1/15360
1620,414720,1/15360
1621,414976,1/15360
1622,415232,1/15360
1623,415488,1/15360
1624,415744,1/15360
1625,416000,1/15360
1626,416256,1/15360
1627,416512,1/15360
1628,416768,1/15360
1629,417024,1/15360
1630,417280,1/15360
1631,417536,1/15360
1632,417792,1/15360
1633,418048,1/15360
1634,418304,1/15360
1635,418560,1/15360
1636,418816,1/15360
1637,419072,1/15360
1638,419328,1/15360
1639,419584,1/15360
1640,419840,1/15360
1641,420096,1/15360
1642,420352,1/15360
1643,420608,1/15360
1644,420864,1/15360
1645,421120,1/15360
1646,421376,1/15360
1647,421632,1/15360
1648,421888,1/15360
1649,422144,1/15360
1650,422400,1/15360
1651,422656,1/15360
1652,422912,1/15360
1653,423168,1/15360
1654,423424,1/15360
1655,423680,1/15360
1656,423936,1/15360
1657,424192,1/15360
1658,424448,1/15360
1659,424704,1/15360
1660,424960,1/15360
1661,425216,1/15360
1662,425472,1/15360
1663,425728,1/15360
1664,425984,1/15360
1665,426240,1/15360
1666,426496,1/15360
1667,426752,1/15360
1668,427008,1/15360
1669,427264,1/15360
1670,427520,1/15360
1671,427776,1/15360
1672,428032,1/15360
1673,428288,1/15360
1674,428544,1/15360
1675,428800,1/15360
1676,429056,1/15360
1677,429312,1/15360
1678,429568,1/15360
1679,429824,1/15360
1680,430080,1/15360
1681,430336,1/15360
1682,430592,1/15360
1683,430848,1/15360
1684,431104,1/15360
1685,431360,1/15360
1686,431616,1/15360
1687,431872,1/15360
1688,432128,1/15360
1689,432384,1/15360
1690,432640,1/15360
1691,432896,1/15360
1692,433152,1/15360
1693,433408,1/15360
1694,433664,1/15360
1695,433920,1/15360
1696,434176,1/15360
1697,434432,1/15360
1698,434688,1/15360
1699,434944,1/15360
1700,435200,1/15360
1701,435456,1/15360
1702,435712,1/15360
1703,435968,1/15360
1704,436224,1/15360
1705,436480,1/15360
1706,436736,1/15360
1707,436992,1/15360
1708,437248,1/15360
1709,437504,1/15360
1710,437760,1/15360
1711,438016,1/15360
1712,438272,1/15360
1713,438528,1/15360
1714,438784,1/15360
1715,439040,1/15360
1716,439296,1/15360
1717,439552,1/15360
1718,439808,1/15360
1719,440064,1/15360
1720,440320,1/15360
1721,440576,1/15360
1722,440832,1/15360
1723,441088,1/15360
1724,441344,1/15360
1725,441600,1/15360
1726,441856,1/15360
1727,442112,1/15360
1728,442368,1/15360
1729,442624,1/15360
1730,442880,1/15360
1731,443136,1/15360
1732,443392,1/15360
1733,443648,1/15360
1734,443904,1/15360
1735,444160,1/15360
1736,444416,1/15360
1737,444672,1/15360
1738,444928,1/15360
1739,445184,1/15360
1740,445440,1/15360
1741,445696,1/15360
1742,445952,1/15360
1743,446208,1/15360
1744,446464,1/15360
1745,446720,1/15360
1746,446976,1/15360
1747,447232,1/15360
1748,447488,1/15360
1749,447744,1/15360
1750,448000,1/15360
1751,448256,1/15360
1752,448512,1/15360
1753,448768,1/15360
1754,449024,1/15360
1755,449280,1/15360
1756,449536,1/15360
1757,449792,1/15360
1758,450048,1/15360
1759,450304,1/15360
1760,450560,1/15360
1761,450816,1/15360
1762,451072,1/15360
1763,451328,1/15360
1764,451584,1/15360
1765,451840,1/15360
1766,452096,1/15360
1767,452352,1/15360
1768,452608,1/15360
1769,452864,1/15360
1770,453120,1/15360
1771,453376,1/15360
1772,453632,1/15360
1773,453888,1/15360
1774,454144,1/15360
1775,454400,1/15360
1776,454656,1/15360
1777,454912,1/15360
1778,455168,1/15360
1779,455424,1/15360
1780,455680,1/15360
1781,455936,1/15360
1782,456192,1/15360
1783,456448,1/15360
1784,456704,1/15360
1785,456960,1/15360
1786,457216,1/15360
1787,457472,1/15360
1788,457728,1/15360
1789,457984,1/15360
1790,458240,1/15360
1791,458496,1/15360
1792,458752,1/15360
1793,459008,1/15360
1794,459264,1/15360
1795,459520,1/15360
1796,459776,1/15360
1797,460032,1/15360
1798,460288,1/15360
1799,460544,1/15360
1800,460800,1/15360
1801,461056,1/15360
1802,461312,1/15360
1803,461568,1/15360
1804,461824,1/15360
1805,462080,1/15360
1806,462336,1/15360
1807,462592,1/15360
1808,462848,1/15360
1809,463104,1/15360
1810,463360,1/15360
1811,463616,1/15360
1812,463872,1/15360
1813,464128,1/15360
1814,464384,1/15360
1815,464640,1/15360
1816,464896,1/15360
1817,465152,1/15360
1818,465408,1/15360
1819,465664,1/15360
1820,465920,1/15360
1821,466176,1/15360
1822,466432,1/15360
1823,466688,1/15360
1824,466944,1/15360
1825,467200,1/15360
1826,467456,1/15360
1827,467712,1/15360
1828,467968,1/15360
1829,468224,1/15360
1830,468480,1/15360
1831,468736,1/15360
1832,468992,1/15360
1833,469248,1/15360
1834,469504,1/15360
1835,469760,1/15360
1836,470016,1/15360
1837,470272,1/15360
1838,470528,1/15360
1839,470784,1/15360
1840,471040,1/15360
1841,471296,1/15360
1842,471552,1/15360
1843,471808,1/15360
1844,472064,1/15360
1845,472320,1/15360
1846,472576,1/15360
1847,472832,1/15360
1848,473088,1/15360
1849,473344,1/15360
1850,473600,1/15360
1851,473856,1/15360
1852,474112,1/15360
1853,474368,1/15360
1854,474624,1/15360
1855,474880,1/15360
1856,475136,1/15360
1857,475392,1/15360
1858,475648,1/15360
1859,475904,1/15360
1860,476160,1/15360
1861,476416,1/15360
1862,476672,1/15360
1863,476928,1/15360
1864,477184,1/15360
1865,477440,1/15360
1866,477696,1/15360
1867,477952,1/15360
1868,478208,1/15360
1869,478464,1/15360
1870,478720,1/15360
1871,478976,1/15360
1872,479232,1/15360
1873,479488,1/15360
1874,479744,1/15360
1875,480000,1/15360
1876,480256,1/15360
1877,480512,1/15360
1878,480768,1/15360
1879,481024,1/15360
1880,481280,1/15360
1881,481536,1/15360
1882,481792,1/15360
1883,482048,1/15360
1884,482304,1/15360
1885,482560,1/15360
1886,482816,1/15360
1887,483072,1/15360
1888,483328,1/15360
1889,483584,1/15360
1890,483840,1/15360
1891,484096,1/15360
1892,484352,1/15360
1893,484608,1/15360
1894,484864,1/15360
1895,485120,1/15360
1896,485376,1/15360
1897,485632,1/15360
1898,485888,1/15360
1899,486144,1/15360
1900,486400,1/15360
1901,486656,1/15360
1902,486912,1/15360
1903,487168,1/15360
1904,487424,1/15360
1905,487680,1/15360
1906,487936,1/15360
1907,488192,1/15360
1908,488448,1/15360
1909,488704,1/15360
1910,488960,1/15360
1911,489216,1/15360
1912,489472,1/15360
1913,489728,1/15360
1914,489984,1/15360
1915,490240,1/15360
1916,490496,1/15360
1917,490752,1/15360
1918,491008,1/15360
1919,491264,1/15360
1920,491520,1/15360
1921,491776,1/15360
1922,492032,1/15360
1923,492288,1/15360
1924,492544,1/15360
1925,492800,1/15360
1926,493056,1/15360
1927,493312,1/15360
1928,493568,1/15360
1929,493824,1/15360
1930,494080,1/15360
1931,494336,1/15360
1932,494592,1/15360
1933,494848,1/15360
1934,495104,1/15360
1935,495360,1/15360
1936,495616,1/15360
1937,495872,1/15360
1938,496128,1/15360
1939,496384,1/15360
1940,496640,1/15360
1941,496896,1/15360
1942,497152,1/15360
1943,497408,1/15360
1944,497664,1/15360
1945,497920,1/15360
1946,498176,1/15360
1947,498432,1/15360
1948,498688,1/15360
1949,498944,1/15360
1950,499200,1/15360
1951,499456,1/15360
1952,499712,1/15360
1953,499968,1/15360
1954,500224,1/15360
1955,500480,1/15360
1956,500736,1/15360
1957,500992,1/15360
1958,501248,1/15360
1959,501504,1/15360
1960,501760,1/15360
1961,502016,1/15360
1962,502272,1/15360
1963,502528,1/15360
1964,502784,1/15360
1965,503040,1/15360
1966,503296,1/15360
1967,503552,1/15360
1968,503808,1/15360
1969,504064,1/15360
1970,504320,1/15360
1971,504576,1/15360
1972,504832,1/15360
1973,505088,1/15360
1974,505344,1/15360
1975,505600,1/15360
1976,505856,1/15360
1977,506112,1/15360
1978,506368,1/15360
1979,506624,1/15360
1980,506880,1/15360
1981,507136,1/15360
1982,507392,1/15360
1983,507648,1/15360
1984,507904,1/15360
1985,508160,1/15360
1986,508416,1/15360
1987,508672,1/15360
1988,508928,1/15360
1989,509184,1/15360
1990,509440,1/15360
1991,509696,1/15360
1992,509952,1/15360
1993,510208,1/15360
1994,510464,1/15360
1995,510720,1/15360
1996,510976,1/15360
1997,511232,1/15360
1998,511488,1/15360
1999,511744,1/15360
2000,512000,1/15360
2001,512256,1/15360
2002,512512,1/15360
2003,512768,1/15360
2004,513024,1/15360
2005,513280,1/15360
2006,513536,1/15360
2007,513792,1/15360
2008,514048,1/15360
2009,514304,1/15360
2010,514560,1/15360
2011,514816,1/15360
2012,515072,1/15360
2013,515328,1/15360
2014,515584,1/15360
2015,515840,1/15360
2016,516096,1/15360
2017,516352,1/15360
2018,516608,1/15360
2019,516864,1/15360
2020,517120,1/15360
2021,517376,1/15360
2022,517632,1/15360
2023,517888,1/15360
2024,518144,1/15360
2025,518400,1/15360
2026,518656,1/15360
2027,518912,1/15360
2028,519168,1/15360
2029,519424,1/15360
2030,519680,1/15360
2031,519936,1/15360
2032,520192,1/15360
2033,520448,1/15360
2034,520704,1/15360
2035,520960,1/15360
2036,521216,1/15360
2037,521472,1/15360
2038,521728,1/15360
2039,521984,1/15360
2040,522240,1/15360
2041,522496,1/15360
2042,522752,1/15360
2043,523008,1/15360
2044,523264,1/15360
2045,523520,1/15360
2046,523776,1/15360
2047,524032,1/15360
2048,524288,1/15360
2049,524544,1/15360
2050,524800,1/15360
2051,525056,1/15360
2052,525312,1/15360
2053,525568,1/15360
2054,525824,1/15360
2055,526080,1/15360
2056,526336,1/15360
2057,526592,1/15360
2058,526848,1/15360
2059,527104,1/15360
2060,527360,1/15360
2061,527616,1/15360
2062,527872,1/15360
2063,528128,1/15360
2064,528384,1/15360
2065,528640,1/15360
2066,528896,1/15360
2067,529152,1/15360
2068,529408,1/15360
2069,529664,1/15360
2070,529920,1/15360
2071,530176,1/15360
2072,530432,1/15360
2073,530688,1/15360
2074,530944,1/15360
2075,531200,1/15360
2076,531456,1/15360
2077,531712,1/15360
2078,531968,1/15360
2079,532224,1/15360
2080,532480,1/15360
2081,532736,1/15360
2082,532992,1/15360
2083,533248,1/15360
2084,533504,1/15360
2085,533760,1/15360
2086,534016,1/15360
2087,534272,1/15360
2088,534528,1/15360
2089,534784,1/15360
2090,535040,1/15360
2091,535296,1/15360
2092,535552,1/15360
2093,535808,1/15360
2094,536064,1/15360
2095,536320,1/15360
2096,536576,1/15360
2097,536832,1/15360
2098,537088,1/15360
2099,537344,1/15360
2100,537600,1/15360
2101,537856,1/15360
2102,538112,1/15360
2103,538368,1/15360
2104,538624,1/15360
2105,538880,1/15360
2106,539136,1/15360
2107,539392,1/15360
2108,539648,1/15360
2109,539904,1/15360
2110,540160,1/15360
2111,540416,1/15360
2112,540672,1/15360
2113,540928,1/15360
2114,541184,1/15360
2115,541440,1/15360
2116,541696,1/15360
2117,541952,1/15360
2118,542208,1/15360
2119,542464,1/15360
2120,542720,1/15360
2121,542976,1/15360
2122,543232,1/15360
2123,543488,1/15360
2124,543744,1/15360
2125,544000,1/15360
2126,544256,1/15360
2127,544512,1/15360
2128,544768,1/15360
2129,545024,1/15360
2130,545280,1/15360
2131,545536,1/15360
2132,545792,1/15360
2133,546048,1/15360
2134,546304,1/15360
2135,546560,1/15360
2136,546816,1/15360
2137,547072,1/15360
2138,547328,1/15360
2139,547584,1/15360
2140,547840,1/15360
2141,548096,1/15360
2142,548352,1/15360
2143,548608,1/15360
2144,548864,1/15360
2145,549120,1/15360
2146,549376,1/15360
2147,549632,1/15360
2148,549888,1/15360
2149,550144,1/15360
2150,550400,1/15360
2151,550656,1/15360
2152,550912,1/15360
2153,551168,1/15360
2154,551424,1/15360
2155,551680,1/15360
2156,551936,1/15360
2157,552192,1/15360
2158,552448,1/15360
2159,552704,1/15360
2160,552960,1/15360
2161,553216,1/15360
2162,553472,1/15360
2163,553728,1/15360
2164,553984,1/15360
2165,554240,1/15360
2166,554496,1/15360
2167,554752,1/15360
2168,555008,1/15360
2169,555264,1/15360
2170,555520,1/15360
2171,555776,1/15360
2172,556032,1/15360
2173,556288,1/15360
2174,556544,1/15360
2175,556800,1/15360
2176,557056,1/15360
2177,557312,1/15360
2178,557568,1/15360
2179,557824,1/15360
2180,558080,1/15360
2181,558336,1/15360
2182,558592,1/15360
2183,558848,1/15360
2184,559104,1/15360
2185,559360,1/15360
2186,559616,1/15360
2187,559872,1/15360
2188,560128,1/15360
2189,560384,1/15360
2190,560640,1/15360
2191,560896,1/15360
2192,561152,1/15360
2193,561408,1/15360
2194,561664,1/15360
2195,561920,1/15360
2196,562176,1/15360
2197,562432,1/15360
2198,562688,1/15360
2199,562944,1/15360
2200,563200,1/15360
2201,563456,1/15360
2202,563712,1/15360
2203,563968,1/15360
2204,564224,1/15360
2205,564480,1/15360
2206,564736,1/15360
2207,564992,1/15360
2208,565248,1/15360
2209,565504,1/15360
2210,565760,1/15360
2211,566016,1/15360
2212,566272,1/15360
2213,566528,1/15360
2214,566784,1/15360
2215,567040,1/15360
2216,567296,1/15360
2217,567552,1/15360
2218,567808,1/15360
2219,568064,1/15360
2220,568320,1/15360
2221,568576,1/15360
2222,568832,1/15360
2223,569088,1/15360
2224,569344,1/15360
2225,569600,1/15360
2226,569856,1/15360
2227,570112,1/15360
2228,570368,1/15360
2229,570624,1/15360
2230,570880,1/15360
2231,571136,1/15360
2232,571392,1/15360
2233,571648,1/15360
2234,571904,1/15360
2235,572160,1/15360
2236,572416,1/15360
2237,572672,1/15360
2238,572928,1/15360
2239,573184,1/15360
2240,573440,1/15360
2241,573696,1/15360
2242,573952,1/15360
2243,574208,1/15360
2244,574464,1/15360
2245,574720,1/15360
2246,574976,1/15360
2247,575232,1/15360
2248,575488,1/15360
2249,575744,1/15360
2250,576000,1/15360
2251,576256,1/15360
2252,576512,1/15360
2253,576768,1/15360
2254,577024,1/15360
2255,577280,1/15360
2256,577536,1/15360
2257,577792,1/15360
2258,578048,1/15360
2259,578304,1/15360
2260,578560,1/15360
2261,578816,1/15360
2262,579072,1/15360
2263,579328,1/15360
2264,579584,1/15360
2265,579840,1/15360
2266,580096,1/15360
2267,580352,1/15360
2268,580608,1/15360
2269,580864,1/15360
2270,581120,1/15360
2271,581376,1/15360
2272,581632,1/15360
2273,581888,1/15360
2274,582144,1/15360
2275,582400,1/15360
2276,582656,1/15360
2277,582912,1/15360
2278,583168,1/15360
2279,583424,1/15360
2280,583680,1/15360
2281,583936,1/15360
2282,584192,1/15360
2283,584448,1/15360
2284,584704,1/15360
2285,584960,1/15360
2286,585216,1/15360
2287,585472,1/15360
2288,585728,1/15360
2289,585984,1/15360
2290,586240,1/15360
2291,586496,1/15360
2292,586752,1/15360
2293,587008,1/15360
2294,587264,1/15360
2295,587520,1/15360
2296,587776,1/15360
2297,588032,1/15360
2298,588288,1/15360
2299,588544,1/15360
2300,588800,1/15360
2301,589056,1/15360
2302,589312,1/15360
2303,589568,1/15360
2304,589824,1/15360
2305,590080,1/15360
2306,590336,1/15360
2307,590592,1/15360
2308,590848,1/15360
2309,591104,1/15360
2310,591360,1/15360
2311,591616,1/15360
2312,591872,1/15360
2313,592128,1/15360
2314,592384,1/15360
2315,592640,1/15360
2316,592896,1/15360
2317,593152,1/15360
2318,593408,1/15360
2319,593664,1/15360
2320,593920,1/15360
2321,594176,1/15360
2322,594432,1/15360
2323,594688,1/15360
2324,594944,1/15360
2325,595200,1/15360
2326,595456,1/15360
2327,595712,1/15360
2328,595968,1/15360
2329,596224,1/15360
2330,596480,1/15360
2331,596736,1/15360
2332,596992,1/15360
2333,597248,1/15360
2334,597504,1/15360
2335,597760,1/15360
2336,598016,1/15360
2337,598272,1/15360
2338,598528,1/15360
2339,598784,1/15360
2340,599040,1/15360
2341,599296,1/15360
2342,599552,1/15360
2343,599808,1/15360
2344,600064,1/15360
2345,600320,1/15360
2346,600576,1/15360
2347,600832,1/15360
2348,601088,1/15360
2349,601344,1/15360
2350,601600,1/15360
2351,601856,1/15360
2352,602112,1/15360
2353,602368,1/15360
2354,602624,1/15360
2355,602880,1/15360
2356,603136,1/15360
2357,603392,1/15360
2358,603648,1/15360
2359,603904,1/15360
2360,604160,1/15360
2361,604416,1/15360
2362,604672,1/15360
2363,604928,1/15360
2364,605184,1/15360
2365,605440,1/15360
2366,605696,1/15360
2367,605952,1/15360
2368,606208,1/15360
2369,606464,1/15360
2370,606720,1/15360
2371,606976,1/15360
2372,607232,1/15360
2373,607488,1/15360
2374,607744,1/15360
2375,608000,1/15360
2376,608256,1/15360
2377,608512,1/15360
2378,608768,1/15360
2379,609024,1/15360
2380,609280,1/15360
2381,609536,1/15360
2382,609792,1/15360
2383,610048,1/15360
2384,610304,1/15360
2385,610560,1/15360
2386,610816,1/15360
2387,611072,1/15360
2388,611328,1/15360
2389,611584,1/15360
2390,611840,1/15360
2391,612096,1/15360
2392,612352,1/15360
2393,612608,1/15360
2394,612864,1/15360
2395,613120,1/15360
2396,613376,1/15360
2397,613632,1/15360
2398,613888,1/15360
2399,614144,1/15360
2400,614400,1/15360
2401,614656,1/15360
2402,614912,1/15360
2403,615168,1/15360
2404,615424,1/15360
2405,615680,1/15360
2406,615936,1/15360
2407,616192,1/15360
2408,616448,1/15360
2409,616704,1/15360
2410,616960,1/15360
2411,617216,1/15360
2412,617472,1/15360
2413,617728,1/15360
2414,617984,1/15360
2415,618240,1/15360
2416,618496,1/15360
2417,618752,1/15360
2418,619008,1/15360
2419,619264,1/15360
2420,619520,1/15360
2421,619776,1/15360
2422,620032,1/15360
2423,620288,1/15360
2424,620544,1/15360
2425,620800,1/15360
2426,621056,1/15360
2427,621312,1/15360
2428,621568,1/15360
2429,621824,1/15360
2430,622080,1/15360
2431,622336,1/15360
2432,622592,1/15360
2433,622848,1/15360
2434,623104,1/15360
2435,623360,1/15360
2436,623616,1/15360
2437,623872,1/15360
2438,624128,1/15360
2439,624384,1/15360
2440,624640,1/15360
2441,624896,1/15360
2442,625152,1/15360
2443,625408,1/15360
2444,625664,1/15360
2445,625920,1/15360
2446,626176,1/15360
2447,626432,1/15360
2448,626688,1/15360
2449,626944,1/15360
2450,627200,1/15360
2451,627456,1/15360
2452,627712,1/15360
2453,627968,1/15360
2454,628224,1/15360
2455,628480,1/15360
2456,628736,1/15360
2457,628992,1/15360
2458,629248,1/15360
2459,629504,1/15360
2460,629760,1/15360
2461,630016,1/15360
2462,630272,1/15360
2463,630528,1/15360
2464,630784,1/15360
2465,631040,1/15360
2466,631296,1/15360
2467,631552,1/15360
2468,631808,1/15360
2469,632064,1/15360
2470,632320,1/15360
2471,632576,1/15360
2472,632832,1/15360
2473,633088,1/15360
2474,633344,1/15360
2475,633600,1/15360
2476,633856,1/15360
2477,634112,1/15360
2478,634368,1/15360
2479,634624,1/15360
2480,634880,1/15360
2481,635136,1/15360
2482,635392,1/15360
2483,635648,1/15360
2484,635904,1/15360
2485,636160,1/15360
2486,636416,1/15360
2487,636672,1/15360
2488,636928,1/15360
2489,637184,1/15360
2490,637440,1/15360
2491,637696,1/15360
2492,637952,1/15360
2493,638208,1/15360
2494,638464,1/15360
2495,638720,1/15360
2496,638976,1/15360
2497,639232,1/15360
2498,639488,1/15360
2499,639744,1/15360
2500,640000,1/15360
2501,640256,1/15360
2502,640512,1/15360
2503,640768,1/15360
2504,641024,1/15360
2505,641280,1/15360
2506,641536,1/15360
2507,641792,1/15360
2508,642048,1/15360
2509,642304,1/15360
2510,642560,1/15360
2511,642816,1/15360
2512,643072,1/15360
2513,643328,1/15360
2514,643584,1/15360
2515,643840,1/15360
2516,644096,1/15360
2517,644352,1/15360
2518,644608,1/15360
2519,644864,1/15360
2520,645120,1/15360
2521,645376,1/15360
2522,645632,1/15360
2523,645888,1/15360
2524,646144,1/15360
2525,646400,1/15360
2526,646656,1/15360
2527,646912,1/15360
2528,647168,1/15360
2529,647424,1/15360
2530,647680,1/15360
2531,647936,1/15360
2532,648192,1/15360
2533,648448,1/15360
2534,648704,1/15360
2535,648960,1/15360
2536,649216,1/15360
2537,649472,1/15360
2538,649728,1/15360
2539,649984,1/15360
2540,650240,1/15360
2541,650496,1/15360
2542,650752,1/15360
2543,651008,1/15360
2544,651264,1/15360
2545,651520,1/15360
2546,651776,1/15360
2547,652032,1/15360
2548,652288,1/15360
2549,652544,1/15360
2550,652800,1/15360
2551,653056,1/15360
2552,653312,1/15360
2553,653568,1/15360
2554,653824,1/15360
2555,654080,1/15360
2556,654336,1/15360
2557,654592,1/15360
2558,654848,1/15360
2559,655104,1/15360
2560,655360,1/15360
2561,655616,1/15360
2562,655872,1/15360
2563,656128,1/15360
2564,656384,1/15360
2565,656640,1/15360
2566,656896,1/15360
2567,657152,1/15360
2568,657408,1/15360
2569,657664,1/15360
2570,657920,1/15360
2571,658176,1/15360
2572,658432,1/15360
2573,658688,1/15360
2574,658944,1/15360
2575,659200,1/15360
2576,659456,1/15360
2577,659712,1/15360
2578,659968,1/15360
2579,660224,1/15360
2580,660480,1/15360
2581,660736,1/15360
2582,660992,1/15360
2583,661248,1/15360
2584,661504,1/15360
2585,661760,1/15360
2586,662016,1/15360
2587,662272,1/15360
2588,662528,1/15360
2589,662784,1/15360
2590,663040,1/15360
2591,663296,1/15360
2592,663552,1/15360
2593,663808,1/15360
2594,664064,1/15360
2595,664320,1/15360
2596,664576,1/15360
2597,664832,1/15360
2598,665088,1/15360
2599,665344,1/15360
2600,665600,1/15360
2601,665856,1/15360
2602,666112,1/15360
2603,666368,1/15360
2604,666624,1/15360
2605,666880,1/15360
2606,667136,1/15360
2607,667392,1/15360
2608,667648,1/15360
2609,667904,1/15360
2610,668160,1/15360
2611,668416,1/15360
2612,668672,1/15360
2613,668928,1/15360
2614,669184,1/15360
2615,669440,1/15360
2616,669696,1/15360
2617,669952,1/15360
2618,670208,1/15360
2619,670464,1/15360
2620,670720,1/15360
2621,670976,1/15360
2622,671232,1/15360
2623,671488,1/15360
2624,671744,1/15360
2625,672000,1/15360
2626,672256,1/15360
2627,672512,1/15360
2628,672768,1/15360
2629,673024,1/15360
2630,673280,1/15360
2631,673536,1/15360
2632,673792,1/15360
2633,674048,1/15360
2634,674304,1/15360
2635,674560,1/15360
2636,674816,1/15360
2637,675072,1/15360
2638,675328,1/15360
2639,675584,1/15360
2640,675840,1/15360
2641,676096,1/15360
2642,676352,1/15360
2643,676608,1/15360
2644,676864,1/15360
2645,677120,1/15360
2646,677376,1/15360
2647,677632,1/15360
2648,677888,1/15360
2649,678144,1/15360
2650,678400,1/15360
2651,678656,1/15360
2652,678912,1/15360
2653,679168,1/15360
2654,679424,1/15360
2655,679680,1/15360
2656,679936,1/15360
2657,680192,1/15360
2658,680448,1/15360
2659,680704,1/15360
2660,680960,1/15360
2661,681216,1/15360
2662,681472,1/15360
2663,681728,1/15360
2664,681984,1/15360
2665,682240,1/15360
2666,682496,1/15360
2667,682752,1/15360
2668,683008,1/15360
2669,683264,1/15360
2670,683520,1/15360
2671,683776,1/15360
2672,684032,1/15360
2673,684288,1/15360
2674,684544,1/15360
2675,684800,1/15360
2676,685056,1/15360
2677,685312,1/15360
2678,685568,1/15360
2679,685824,1/15360
2680,686080,1/15360
2681,686336,1/15360
2682,686592,1/15360
2683,686848,1/15360
2684,687104,1/15360
2685,687360,1/15360
2686,687616,1/15360
2687,687872,1/15360
2688,688128,1/15360
2689,688384,1/15360
2690,688640,1/15360
2691,688896,1/15360
2692,689152,1/15360
2693,689408,1/15360
2694,689664,1/15360
2695,689920,1/15360
2696,690176,1/15360
2697,690432,1/15360
2698,690688,1/15360
2699,690944,1/15360
2700,691200,1/15360
2701,691456,1/15360
2702,691712,1/15360
2703,691968,1/15360
2704,692224,1/15360
2705,692480,1/15360
2706,692736,1/15360
2707,692992,1/15360
2708,693248,1/15360
2709,693504,1/15360
2710,693760,1/15360
2711,694016,1/15360
2712,694272,1/15360
2713,694528,1/15360
2714,694784,1/15360
2715,695040,1/15360
2716,695296,1/15360
2717,695552,1/15360
2718,695808,1/15360
2719,696064,1/15360
2720,696320,1/15360
2721,696576,1/15360
2722,696832,1/15360
2723,697088,1/15360
2724,697344,1/15360
2725,697600,1/15360
2726,697856,1/15360
2727,698112,1/15360
2728,698368,1/15360
2729,698624,1/15360
2730,698880,1/15360
2731,699136,1/15360
2732,699392,1/15360
2733,699648,1/15360
2734,699904,1/15360
2735,700160,1/15360
2736,700416,1/15360
2737,700672,1/15360
2738,700928,1/15360
2739,701184,1/15360
2740,701440,1/15360
2741,701696,1/15360
2742,701952,1/15360
2743,702208,1/15360
2744,702464,1/15360
2745,702720,1/15360
2746,702976,1/15360
2747,703232,1/15360
2748,703488,1/15360
2749,703744,1/15360
2750,704000,1/15360
2751,704256,1/15360
2752,704512,1/15360
2753,704768,1/15360
2754,705024,1/15360
2755,705280,1/15360
2756,705536,1/15360
2757,705792,1/15360
2758,706048,1/15360
2759,706304,1/15360
2760,706560,1/15360
2761,706816,1/15360
2762,707072,1/15360
2763,707328,1/15360
2764,707584,1/15360
2765,707840,1/15360
2766,708096,1/15360
2767,708352,1/15360
2768,708608,1/15360
2769,708864,1/15360
2770,709120,1/15360
2771,709376,1/15360
2772,709632,1/15360
2773,709888,1/15360
2774,710144,1/15360
2775,710400,1/15360
2776,710656,1/15360
2777,710912,1/15360
2778,711168,1/15360
2779,711424,1/15360
2780,711680,1/15360
2781,711936,1/15360
2782,712192,1/15360
2783,712448,1/15360
2784,712704,1/15360
2785,712960,1/15360
2786,713216,1/15360
2787,713472,1/15360
2788,713728,1/15360
2789,713984,1/15360
2790,714240,1/15360
2791,714496,1/15360
2792,714752,1/15360
2793,715008,1/15360
2794,715264,1/15360
2795,715520,1/15360
2796,715776,1/15360
2797,716032,1/15360
2798,716288,1/15360
2799,716544,1/15360
2800,716800,1/15360
2801,717056,1/15360
2802,717312,1/15360
2803,717568,1/15360
2804,717824,1/15360
2805,718080,1/15360
2806,718336,1/15360
2807,718592,1/15360
2808,718848,1/15360
2809,719104,1/15360
2810,719360,1/15360
2811,719616,1/15360
2812,719872,1/15360
2813,720128,1/15360
2814,720384,1/15360
2815,720640,1/15360
2816,720896,1/15360
2817,721152,1/15360
2818,721408,1/15360
2819,721664,1/15360
2820,721920,1/15360
2821,722176,1/15360
2822,722432,1/15360
2823,722688,1/15360
2824,722944,1/15360
2825,723200,1/15360
2826,723456,1/15360
2827,723712,1/15360
2828,723968,1/15360
2829,724224,1/15360
2830,724480,1/15360
2831,724736,1/15360
2832,724992,1/15360
2833,725248,1/15360
2834,725504,1/15360
2835,725760,1/15360
2836,726016,1/15360
2837,726272,1/15360
2838,726528,1/15360
2839,726784,1/15360
2840,727040,1/15360
2841,727296,1/15360
2842,727552,1/15360
2843,727808,1/15360
2844,728064,1/15360
2845,728320,1/15360
2846,728576,1/15360
2847,728832,1/15360
2848,729088,1/15360
2849,729344,1/15360
2850,729600,1/15360
2851,729856,1/15360
2852,730112,1/15360
2853,730368,1/15360
2854,730624,1/15360
2855,730880,1/15360
2856,731136,1/15360
2857,731392,1/15360
2858,731648,1/15360
2859,731904,1/15360
2860,732160,1/15360
2861,732416,1/15360
2862,732672,1/15360
2863,732928,1/15360
2864,733184,1/15360
2865,733440,1/15360
2866,733696,1/15360
2867,733952,1/15360
2868,734208,1/15360
2869,734464,1/15360
2870,734720,1/15360
2871,734976,1/15360
2872,735232,1/15360
2873,735488,1/15360
2874,735744,1/15360
2875,736000,1/15360
2876,736256,1/15360
2877,736512,1/15360
2878,736768,1/15360
2879,737024,1/15360
2880,737280,1/15360
2881,737536,1/15360
2882,737792,1/15360
2883,738048,1/15360
2884,738304,1/15360
2885,738560,1/15360
2886,738816,1/15360
2887,739072,1/15360
2888,739328,1/15360
2889,739584,1/15360
2890,739840,1/15360
2891,740096,1/15360
2892,740352,1/15360
2893,740608,1/15360
2894,740864,1/15360
2895,741120,1/15360
2896,741376,1/15360
2897,741632,1/15360
2898,741888,1/15360
2899,742144,1/15360
2900,742400,1/15360
2901,742656,1/15360
2902,742912,1/15360
2903,743168,1/15360
2904,743424,1/15360
2905,743680,1/15360
2906,743936,1/15360
2907,744192,1/15360
2908,744448,1/15360
2909,744704,1/15360
2910,744960,1/15360
2911,745216,1/15360
2912,745472,1/15360
2913,745728,1/15360
2914,745984,1/15360
2915,746240,1/15360
2916,746496,1/15360
2917,746752,1/15360
2918,747008,1/15360
2919,747264,1/15360
2920,747520,1/15360
2921,747776,1/15360
2922,748032,1/15360
2923,748288,1/15360
2924,748544,1/15360
2925,748800,1/15360
2926,749056,1/15360
2927,749312,1/15360
2928,749568,1/15360
2929,749824,1/15360
2930,750080,1/15360
2931,750336,1/15360
2932,750592,1/15360
2933,750848,1/15360
2934,751104,1/15360
2935,751360,1/15360
2936,751616,1/15360
2937,751872,1/15360
2938,752128,1/15360
2939,752384,1/15360
2940,752640,1/15360
2941,752896,1/15360
2942,753152,1/15360
2943,753408,1/15360
2944,753664,1/15360
2945,753920,1/15360
2946,754176,1/15360
2947,754432,1/15360
2948,754688,1/15360
2949,754944,1/15360
2950,755200,1/15360
2951,755456,1/15360
2952,755712,1/15360
2953,755968,1/15360
2954,756224,1/15360
2955,756480,1/15360
2956,756736,1/15360
2957,756992,1/15360
2958,757248,1/15360
2959,757504,1/15360
2960,757760,1/15360
2961,758016,1/15360
2962,758272,1/15360
2963,758528,1/15360
2964,758784,1/15360
2965,759040,1/15360
2966,759296,1/15360
2967,759552,1/15360
2968,759808,1/15360
2969,760064,1/15360
2970,760320,1/15360
2971,760576,1/15360
2972,760832,1/15360
2973,761088,1/15360
2974,761344,1/15360
2975,761600,1/15360
2976,761856,1/15360
2977,762112,1/15360
2978,762368,1/15360
2979,762624,1/15360
2980,762880,1/15360
2981,763136,1/15360
2982,763392,1/15360
2983,763648,1/15360
2984,763904,1/15360
2985,764160,1/15360
2986,764416,1/15360
2987,764672,1/15360
2988,764928,1/15360
2989,765184,1/15360
2990,765440,1/15360
2991,765696,1/15360
2992,765952,1/15360
2993,766208,1/15360
2994,766464,1/15360
2995,766720,1/15360
2996,766976,1/15360
2997,767232,1/15360
2998,767488,1/15360
2999,767744,1/15360
3000,768000,1/15360
3001,768256,1/15360
3002,768512,1/15360
3003,768768,1/15360
3004,769024,1/15360
3005,769280,1/15360
3006,769536,1/15360
3007,769792,1/15360
3008,770048,1/15360
3009,770304,1/15360
3010,770560,1/15360
3011,770816,1/15360
3012,771072,1/15360
3013,771328,1/15360
3014,771584,1/15360
3015,771840,1/15360
3016,772096,1/15360
3017,772352,1/15360
3018,772608,1/15360
3019,772864,1/15360
3020,773120,1/15360
3021,773376,1/15360
3022,773632,1/15360
3023,773888,1/15360
3024,774144,1/15360
3025,774400,1/15360
3026,774656,1/15360
3027,774912,1/15360
3028,775168,1/15360
3029,775424,1/15360
3030,775680,1/15360
3031,775936,1/15360
3032,776192,1/15360
3033,776448,1/15360
3034,776704,1/15360
3035,776960,1/15360
3036,777216,1/15360
3037,777472,1/15360
3038,777728,1/15360
3039,777984,1/15360
3040,778240,1/15360
3041,778496,1/15360
3042,778752,1/15360
3043,779008,1/15360
3044,779264,1/15360
3045,779520,1/15360
3046,779776,1/15360
3047,780032,1/15360
3048,780288,1/15360
3049,780544,1/15360
3050,780800,1/15360
3051,781056,1/15360
3052,781312,1/15360
3053,781568,1/15360
3054,781824,1/15360
3055,782080,1/15360
3056,782336,1/15360
3057,782592,1/15360
3058,782848,1/15360
3059,783104,1/15360
3060,783360,1/15360
3061,783616,1/15360
3062,783872,1/15360
3063,784128,1/15360
3064,784384,1/15360
3065,784640,1/15360
3066,784896,1/15360
3067,785152,1/15360
3068,785408,1/15360
3069,785664,1/15360
3070,785920,1/15360
3071,786176,1/15360
3072,786432,1/15360
3073,786688,1/15360
3074,786944,1/15360
3075,787200,1/15360
3076,787456,1/15360
3077,787712,1/15360
3078,787968,1/15360
3079,788224,1/15360
3080,788480,1/15360
3081,788736,1/15360
3082,788992,1/15360
3083,789248,1/15360
3084,789504,1/15360
3085,789760,1/15360
3086,790016,1/15360
3087,790272,1/15360
3088,790528,1/15360
3089,790784,1/15360
3090,791040,1/15360
3091,791296,1/15360
3092,791552,1/15360
3093,791808,1/15360
3094,792064,1/15360
3095,792320,1/15360
3096,792576,1/15360
3097,792832,1/15360
3098,793088,1/15360
3099,793344,1/15360
3100,793600,1/15360
3101,793856,1/15360
3102,794112,1/15360
3103,794368,1/15360
3104,794624,1/15360
3105,794880,1/15360
3106,795136,1/15360
3107,795392,1/15360
3108,795648,1/15360
3109,795904,1/15360
3110,796160,1/15360
3111,796416,1/15360
3112,796672,1/15360
3113,796928,1/15360
3114,797184,1/15360
3115,797440,1/15360
3116,797696,1/15360
3117,797952,1/15360
3118,798208,1/15360
3119,798464,1/15360
3120,798720,1/15360
3121,798976,1/15360
3122,799232,1/15360
3123,799488,1/15360
3124,799744,1/15360
3125,800000,1/15360
3126,800256,1/15360
3127,800512,1/15360
3128,800768,1/15360
3129,801024,1/15360
3130,801280,1/15360
3131,801536,1/15360
3132,801792,1/15360
3133,802048,1/15360
3134,802304,1/15360
3135,802560,1/15360
3136,802816,1/15360
3137,803072,1/15360
3138,803328,1/15360
3139,803584,1/15360
3140,803840,1/15360
3141,804096,1/15360
3142,804352,1/15360
3143,804608,1/15360
3144,804864,1/15360
3145,805120,1/15360
3146,805376,1/15360
3147,805632,1/15360
3148,805888,1/15360
3149,806144,1/15360
3150,806400,1/15360
3151,806656,1/15360
3152,806912,1/15360
3153,807168,1/15360
3154,807424,1/15360
3155,807680,1/15360
3156,807936,1/15360
3157,808192,1/15360
3158,808448,1/15360
3159,808704,1/15360
3160,808960,1/15360
3161,809216,1/15360
3162,809472,1/15360
3163,809728,1/15360
3164,809984,1/15360
3165,810240,1/15360
3166,810496,1/15360
3167,810752,1/15360
3168,811008,1/15360
3169,811264,1/15360
3170,811520,1/15360
3171,811776,1/15360
3172,812032,1/15360
3173,812288,1/15360
3174,812544,1/15360
3175,812800,1/15360
3176,813056,1/15360
3177,813312,1/15360
3178,813568,1/15360
3179,813824,1/15360
3180,814080,1/15360
3181,814336,1/15360
3182,814592,1/15360
3183,814848,1/15360
3184,815104,1/15360
3185,815360,1/15360
3186,815616,1/15360
3187,815872,1/15360
3188,816128,1/15360
3189,816384,1/15360
3190,816640,1/15360
3191,816896,1/15360
3192,817152,1/15360
3193,817408,1/15360
3194,817664,1/15360
3195,817920,1/15360
3196,818176,1/15360
3197,818432,1/15360
3198,818688,1/15360
3199,818944,1/15360
3200,819200,1/15360
3201,819456,1/15360
3202,819712,1/15360
3203,819968,1/15360
3204,820224,1/15360
3205,820480,1/15360
3206,820736,1/15360
3207,820992,1/15360
3208,821248,1/15360
3209,821504,1/15360
3210,821760,1/15360
3211,822016,1/15360
3212,822272,1/15360
3213,822528,1/15360
3214,822784,1/15360
3215,823040,1/15360
3216,823296,1/15360
3217,823552,1/15360
3218,823808,1/15360
3219,824064,1/15360
3220,824320,1/15360
3221,824576,1/15360
3222,824832,1/15360
3223,825088,1/15360
3224,825344,1/15360
3225,825600,1/15360
3226,825856,1/15360
3227,826112,1/15360
3228,826368,1/15360
3229,826624,1/15360
3230,826880,1/15360
3231,827136,1/15360
3232,827392,1/15360
3233,827648,1/15360
3234,827904,1/15360
3235,828160,1/15360
3236,828416,1/15360
3237,828672,1/15360
3238,828928,1/15360
3239,829184,1/15360
3240,829440,1/15360
3241,829696,1/15360
3242,829952,1/15360
3243,830208,1/15360
3244,830464,1/15360
3245,830720,1/15360
3246,830976,1/15360
3247,831232,1/15360
3248,831488,1/15360
3249,831744,1/15360
3250,832000,1/15360
3251,832256,1/15360
3252,832512,1/15360
3253,832768,1/15360
3254,833024,1/15360
3255,833280,1/15360
3256,833536,1/15360
3257,833792,1/15360
3258,834048,1/15360
3259,834304,1/15360
3260,834560,1/15360
3261,834816,1/15360
3262,835072,1/15360
3263,835328,1/15360
3264,835584,1/15360
3265,835840,1/15360
3266,836096,1/15360
3267,836352,1/15360
3268,836608,1/15360
3269,836864,1/15360
3270,837120,1/15360
3271,837376,1/15360
3272,837632,1/15360
3273,837888,1/15360
3274,838144,1/15360
3275,838400,1/15360
3276,838656,1/15360
3277,838912,1/15360
3278,839168,1/15360
3279,839424,1/15360
3280,839680,1/15360
3281,839936,1/15360
3282,840192,1/15360
3283,840448,1/15360
3284,840704,1/15360
3285,840960,1/15360
3286,841216,1/15360
3287,841472,1/15360
3288,841728,1/15360
3289,841984,1/15360
3290,842240,1/15360
3291,842496,1/15360
3292,842752,1/15360
3293,843008,1/15360
3294,843264,1/15360
3295,843520,1/15360
3296,843776,1/15360
3297,844032,1/15360
3298,844288,1/15360
3299,844544,1/15360
3300,844800,1/15360
3301,845056,1/15360
3302,845312,1/15360
3303,845568,1/15360
3304,845824,1/15360
3305,846080,1/15360
3306,846336,1/15360
3307,846592,1/15360
3308,846848,1/15360
3309,847104,1/15360
3310,847360,1/15360
3311,847616,1/15360
3312,847872,1/15360
3313,848128,1/15360
3314,848384,1/15360
3315,848640,1/15360
3316,848896,1/15360
3317,849152,1/15360
3318,849408,1/15360
3319,849664,1/15360
3320,849920,1/15360
3321,850176,1/15360
3322,850432,1/15360
3323,850688,1/15360
3324,850944,1/15360
3325,851200,1/15360
3326,851456,1/15360
3327,851712,1/15360
3328,851968,1/15360
3329,852224,1/15360
3330,852480,1/15360
3331,852736,1/15360
3332,852992,1/15360
3333,853248,1/15360
3334,853504,1/15360
3335,853760,1/15360
3336,854016,1/15360
3337,854272,1/15360
3338,854528,1/15360
3339,854784,1/15360
3340,855040,1/15360
3341,855296,1/15360
3342,855552,1/15360
3343,855808,1/15360
3344,856064,1/15360
3345,856320,1/15360
3346,856576,1/15360
3347,856832,1/15360
3348,857088,1/15360
3349,857344,1/15360
3350,857600,1/15360
3351,857856,1/15360
3352,858112,1/15360
3353,858368,1/15360
3354,858624,1/15360
3355,858880,1/15360
3356,859136,1/15360
3357,859392,1/15360
3358,859648,1/15360
3359,859904,1/15360
3360,860160,1/15360
3361,860416,1/15360
3362,860672,1/15360
3363,860928,1/15360
3364,861184,1/15360
3365,861440,1/15360
3366,861696,1/15360
3367,861952,1/15360
3368,862208,1/15360
3369,862464,1/15360
3370,862720,1/15360
3371,862976,1/15360
3372,863232,1/15360
3373,863488,1/15360
3374,863744,1/15360
3375,864000,1/15360
3376,864256,1/15360
3377,864512,1/15360
3378,864768,1/15360
3379,865024,1/15360
3380,865280,1/15360
3381,865536,1/15360
3382,865792,1/15360
3383,866048,1/15360
3384,866304,1/15360
3385,866560,1/15360
3386,866816,1/15360
3387,867072,1/15360
3388,867328,1/15360
3389,867584,1/15360
3390,867840,1/15360
3391,868096,1/15360
3392,868352,1/15360
3393,868608,1/15360
3394,868864,1/15360
3395,869120,1/15360
3396,869376,1/15360
3397,869632,1/15360
3398,869888,1/15360
3399,870144,1/15360
3400,870400,1/15360
3401,870656,1/15360
3402,870912,1/15360
3403,871168,1/15360
3404,871424,1/15360
3405,871680,1/15360
3406,871936,1/15360
3407,872192,1/15360
3408,872448,1/15360
3409,872704,1/15360
3410,872960,1/15360
3411,873216,1/15360
3412,873472,1/15360
3413,873728,1/15360
3414,873984,1/15360
3415,874240,1/15360
3416,874496,1/15360
3417,874752,1/15360
3418,875008,1/15360
3419,875264,1/15360
3420,875520,1/15360
3421,875776,1/15360
3422,876032,1/15360
3423,876288,1/15360
3424,876544,1/15360
3425,876800,1/15360
3426,877056,1/15360
3427,877312,1/15360
3428,877568,1/15360
3429,877824,1/15360
3430,878080,1/15360
3431,878336,1/15360
3432,878592,1/15360
3433,878848,1/15360
3434,879104,1/15360
3435,879360,1/15360
3436,879616,1/15360
3437,879872,1/15360
3438,880128,1/15360
3439,880384,1/15360
3440,880640,1/15360
3441,880896,1/15360
3442,881152,1/15360
3443,881408,1/15360
3444,881664,1/15360
3445,881920,1/15360
3446,882176,1/15360
3447,882432,1/15360
3448,882688,1/15360
3449,882944,1/15360
3450,883200,1/15360
3451,883456,1/15360
3452,883712,1/15360
3453,883968,1/15360
3454,884224,1/15360
3455,884480,1/15360
3456,884736,1/15360
3457,884992,1/15360
3458,885248,1/15360
3459,885504,1/15360
3460,885760,1/15360
3461,886016,1/15360
3462,886272,1/15360
3463,886528,1/15360
3464,886784,1/15360
3465,887040,1/15360
3466,887296,1/15360
3467,887552,1/15360
3468,887808,1/15360
3469,888064,1/15360
3470,888320,1/15360
3471,888576,1/15360
3472,888832,1/15360
3473,889088,1/15360
3474,889344,1/15360
3475,889600,1/15360
3476,889856,1/15360
3477,890112,1/15360
3478,890368,1/15360
3479,890624,1/15360
3480,890880,1/15360
3481,891136,1/15360
3482,891392,1/15360
3483,891648,1/15360
3484,891904,1/15360
3485,892160,1/15360
3486,892416,1/15360
3487,892672,1/15360
3488,892928,1/15360
3489,893184,1/15360
3490,893440,1/15360
3491,893696,1/15360
3492,893952,1/15360
3493,894208,1/15360
3494,894464,1/15360
3495,894720,1/15360
3496,894976,1/15360
3497,895232,1/15360
3498,895488,1/15360
3499,895744,1/15360
3500,896000,1/15360
3501,896256,1/15360
3502,896512,1/15360
3503,896768,1/15360
3504,897024,1/15360
3505,897280,1/15360
3506,897536,1/15360
3507,897792,1/15360
3508,898048,1/15360
3509,898304,1/15360
3510,898560,1/15360
3511,898816,1/15360
3512,899072,1/15360
3513,899328,1/15360
3514,899584,1/15360
3515,899840,1/15360
3516,900096,1/15360
3517,900352,1/15360
3518,900608,1/15360
3519,900864,1/15360
3520,901120,1/15360
3521,901376,1/15360
3522,901632,1/15360
3523,901888,1/15360
3524,902144,1/15360
3525,902400,1/15360
3526,902656,1/15360
3527,902912,1/15360
3528,903168,1/15360
3529,903424,1/15360
3530,903680,1/15360
3531,903936,1/15360
3532,904192,1/15360
3533,904448,1/15360
3534,904704,1/15360
3535,904960,1/15360
3536,905216,1/15360
3537,905472,1/15360
3538,905728,1/15360
3539,905984,1/15360
3540,906240,1/15360
3541,906496,1/15360
3542,906752,1/15360
3543,907008,1/15360
3544,907264,1/15360
3545,907520,1/15360
3546,907776,1/15360
3547,908032,1/15360
3548,908288,1/15360
3549,908544,1/15360
3550,908800,1/15360
3551,909056,1/15360
3552,909312,1/15360
3553,909568,1/15360
3554,909824,1/15360
3555,910080,1/15360
3556,910336,1/15360
3557,910592,1/15360
3558,910848,1/15360
3559,911104,1/15360
3560,911360,1/15360
3561,911616,1/15360
3562,911872,1/15360
3563,912128,1/15360
3564,912384,1/15360
3565,912640,1/15360
3566,912896,1/15360
3567,913152,1/15360
3568,913408,1/15360
3569,913664,1/15360
3570,913920,1/15360
3571,914176,1/15360
3572,914432,1/15360
3573,914688,1/15360
3574,914944,1/15360
3575,915200,1/15360
3576,915456,1/15360
3577,915712,1/15360
3578,915968,1/15360
3579,916224,1/15360
3580,916480,1/15360
3581,916736,1/15360
3582,916992,1/15360
3583,917248,1/15360
3584,917504,1/15360
3585,917760,1/15360
3586,918016,1/15360
3587,918272,1/15360
3588,918528,1/15360
3589,918784,1/15360
3590,919040,1/15360
3591,919296,1/15360
3592,919552,1/15360
3593,919808,1/15360
3594,920064,1/15360
3595,920320,1/15360
3596,920576,1/15360
3597,920832,1/15360
3598,921088,1/15360
3599,921344,1/15360
3600,921600,1/15360
3601,921856,1/15360
3602,922112,1/15360
3603,922368,1/15360
3604,922624,1/15360
3605,922880,1/15360
3606,923136,1/15360
3607,923392,1/15360
3608,923648,1/15360
3609,923904,1/15360
3610,924160,1/15360
3611,924416,1/15360
3612,924672,1/15360
3613,924928,1/15360
3614,925184,1/15360
3615,925440,1/15360
3616,925696,1/15360
3617,925952,1/15360
3618,926208,1/15360
3619,926464,1/15360
3620,926720,1/15360
3621,926976,1/15360
3622,927232,1/15360
3623,927488,1/15360
3624,927744,1/15360
3625,928000,1/15360
3626,928256,1/15360
3627,928512,1/15360
3628,928768,1/15360
3629,929024,1/15360
3630,929280,1/15360
3631,929536,1/15360
3632,929792,1/15360
3633,930048,1/15360
3634,930304,1/15360
3635,930560,1/15360
3636,930816,1/15360
3637,931072,1/15360
3638,931328,1/15360
3639,931584,1/15360
3640,931840,1/15360
3641,932096,1/15360
3642,932352,1/15360
3643,932608,1/15360
3644,932864,1/15360
3645,933120,1/15360
3646,933376,1/15360
3647,933632,1/15360
3648,933888,1/15360
3649,934144,1/15360
3650,934400,1/15360
3651,934656,1/15360
3652,934912,1/15360
3653,935168,1/15360
3654,935424,1/15360
3655,935680,1/15360
3656,935936,1/15360
3657,936192,1/15360
3658,936448,1/15360
3659,936704,1/15360
3660,936960,1/15360
3661,937216,1/15360
3662,937472,1/15360
3663,937728,1/15360
3664,937984,1/15360
3665,938240,1/15360
3666,938496,1/15360
3667,938752,1/15360
3668,939008,1/15360
3669,939264,1/15360
3670,939520,1/15360
3671,939776,1/15360
3672,940032,1/15360
3673,940288,1/15360
3674,940544,1/15360
3675,940800,1/15360
3676,941056,1/15360
3677,941312,1/15360
3678,941568,1/15360
3679,941824,1/15360
3680,942080,1/15360
3681,942336,1/15360
3682,942592,1/15360
3683,942848,1/15360
3684,943104,1/15360
3685,943360,1/15360
3686,943616,1/15360
3687,943872,1/15360
3688,944128,1/15360
3689,944384,1/15360
3690,944640,1/15360
3691,944896,1/15360
3692,945152,1/15360
3693,945408,1/15360
3694,945664,1/15360
3695,945920,1/15360
3696,946176,1/15360
3697,946432,1/15360
3698,946688,1/15360
3699,946944,1/15360
3700,947200,1/15360
3701,947456,1/15360
3702,947712,1/15360
3703,947968,1/15360
3704,948224,1/15360
3705,948480,1/15360
3706,948736,1/15360
3707,948992,1/15360
3708,949248,1/15360
3709,949504,1/15360
3710,949760,1/15360
3711,950016,1/15360
3712,950272,1/15360
3713,950528,1/15360
3714,950784,1/15360
3715,951040,1/15360
3716,951296,1/15360
3717,951552,1/15360
3718,951808,1/15360
3719,952064,1/15360
3720,952320,1/15360
3721,952576,1/15360
3722,952832,1/15360
3723,953088,1/15360
3724,953344,1/15360
3725,953600,1/15360
3726,953856,1/15360
3727,954112,1/15360
3728,954368,1/15360
3729,954624,1/15360
3730,954880,1/15360
3731,955136,1/15360
3732,955392,1/15360
3733,955648,1/15360
3734,955904,1/15360
3735,956160,1/15360
3736,956416,1/15360
3737,956672,1/15360
3738,956928,1/15360
3739,957184,1/15360
3740,957440,1/15360
3741,957696,1/15360
3742,957952,1/15360
3743,958208,1/15360
3744,958464,1/15360
3745,958720,1/15360
3746,958976,1/15360
3747,959232,1/15360
3748,959488,1/15360
3749,959744,1/15360
3750,960000,1/15360
3751,960256,1/15360
3752,960512,1/15360
3753,960768,1/15360
3754,961024,1/15360
3755,961280,1/15360
3756,961536,1/15360
3757,961792,1/15360
3758,962048,1/15360
3759,962304,1/15360
3760,962560,1/15360
3761,962816,1/15360
3762,963072,1/15360
3763,963328,1/15360
3764,963584,1/15360
3765,963840,1/15360
3766,964096,1/15360
3767,964352,1/15360
3768,964608,1/15360
3769,964864,1/15360
3770,965120,1/15360
3771,965376,1/15360
3772,965632,1/15360
3773,965888,1/15360
3774,966144,1/15360
3775,966400,1/15360
3776,966656,1/15360
3777,966912,1/15360
3778,967168,1/15360
3779,967424,1/15360
3780,967680,1/15360
3781,967936,1/15360
3782,968192,1/15360
3783,968448,1/15360
3784,968704,1/15360
3785,968960,1/15360
3786,969216,1/15360
3787,969472,1/15360
3788,969728,1/15360
3789,969984,1/15360
3790,970240,1/15360
3791,970496,1/15360
3792,970752,1/15360
3793,971008,1/15360
3794,971264,1/15360
3795,971520,1/15360
3796,971776,1/15360
3797,972032,1/15360
3798,972288,1/15360
3799,972544,1/15360
3800,972800,1/15360
3801,973056,1/15360
3802,973312,1/15360
3803,973568,1/15360
3804,973824,1/15360
3805,974080,1/15360
3806,974336,1/15360
3807,974592,1/15360
3808,974848,1/15360
3809,975104,1/15360
3810,975360,1/15360
3811,975616,1/15360
3812,975872,1/15360
3813,976128,1/15360
3814,976384,1/15360
3815,976640,1/15360
3816,976896,1/15360
3817,977152,1/15360
3818,977408,1/15360
3819,977664,1/15360
3820,977920,1/15360
3821,978176,1/15360
3822,978432,1/15360
3823,978688,1/15360
3824,978944,1/15360
3825,979200,1/15360
3826,979456,1/15360
3827,979712,1/15360
3828,979968,1/15360
3829,980224,1/15360
3830,980480,1/15360
3831,980736,1/15360
3832,980992,1/15360
3833,981248,1/15360
3834,981504,1/15360
3835,981760,1/15360
3836,982016,1/15360
3837,982272,1/15360
3838,982528,1/15360
3839,982784,1/15360
3840,983040,1/15360
3841,983296,1/15360
3842,983552,1/15360
3843,983808,1/15360
3844,984064,1/15360
3845,984320,1/15360
3846,984576,1/15360
3847,984832,1/15360
3848,985088,1/15360
3849,985344,1/15360
3850,985600,1/15360
3851,985856,1/15360
3852,986112,1/15360
3853,986368,1/15360
3854,986624,1/15360
3855,986880,1/15360
3856,987136,1/15360
3857,987392,1/15360
3858,987648,1/15360
3859,987904,1/15360
3860,988160,1/15360
3861,988416,1/15360
3862,988672,1/15360
3863,988928,1/15360
3864,989184,1/15360
3865,989440,1/15360
3866,989696,1/15360
3867,989952,1/15360
3868,990208,1/15360
3869,990464,1/15360
3870,990720,1/15360
3871,990976,1/15360
3872,991232,1/15360
3873,991488,1/15360
3874,991744,1/15360
3875,992000,1/15360
3876,992256,1/15360
3877,992512,1/15360
3878,992768,1/15360
3879,993024,1/15360
3880,993280,1/15360
3881,993536,1/15360
3882,993792,1/15360
3883,994048,1/15360
3884,994304,1/15360
3885,994560,1/15360
3886,994816,1/15360
3887,995072,1/15360
3888,995328,1/15360
3889,995584,1/15360
3890,995840,1/15360
3891,996096,1/15360
3892,996352,1/15360
3893,996608,1/15360
3894,996864,1/15360
3895,997120,1/15360
3896,997376,1/15360
3897,997632,1/15360
3898,997888,1/15360
3899,998144,1/15360
3900,998400,1/15360
3901,998656,1/15360
3902,998912,1/15360
3903,999168,1/15360
3904,999424,1/15360
3905,999680,1/15360
3906,999936,1/15360
3907,1000192,1/15360
3908,1000448,1/15360
3909,1000704,1/15360
3910,1000960,1/15360
3911,1001216,1/15360
3912,1001472,1/15360
3913,1001728,1/15360
3914,1001984,1/15360
3915,1002240,1/15360
3916,1002496,1/15360
3917,1002752,1/15360
3918,1003008,1/15360
3919,1003264,1/15360
3920,1003520,1/15360
3921,1003776,1/15360
3922,1004032,1/15360
3923,1004288,1/15360
3924,1004544,1/15360
3925,1004800,1/15360
3926,1005056,1/15360
3927,1005312,1/15360
3928,1005568,1/15360
3929,1005824,1/15360
3930,1006080,1/15360
3931,1006336,1/15360
3932,1006592,1/15360
3933,1006848,1/15360
3934,1007104,1/15360
3935,1007360,1/15360
3936,1007616,1/15360
3937,1007872,1/15360
3938,1008128,1/15360
3939,1008384,1/15360
3940,1008640,1/15360
3941,1008896,1/15360
3942,1009152,1/15360
3943,1009408,1/15360
3944,1009664,1/15360
3945,1009920,1/15360
3946,1010176,1/15360
3947,1010432,1/15360
3948,1010688,1/15360
3949,1010944,1/15360
3950,1011200,1/15360
3951,1011456,1/15360
3952,1011712,1/15360
3953,1011968,1/15360
3954,1012224,1/15360
3955,1012480,1/15360
3956,1012736,1/15360
3957,1012992,1/15360
3958,1013248,1/15360
3959,1013504,1/15360
3960,1013760,1/15360
3961,1014016,1/15360
3962,1014272,1/15360
3963,1014528,1/15360
3964,1014784,1/15360
3965,1015040,1/15360
3966,1015296,1/15360
3967,1015552,1/15360
3968,1015808,1/15360
3969,1016064,1/15360
3970,1016320,1/15360
3971,1016576,1/15360
3972,1016832,1/15360
3973,1017088,1/15360
3974,1017344,1/15360
3975,1017600,1/15360
3976,1017856,1/15360
3977,1018112,1/15360
3978,1018368,1/15360
3979,1018624,1/15360
3980,1018880,1/15360
3981,1019136,1/15360
3982,1019392,1/15360
3983,1019648,1/15360
3984,1019904,1/15360
3985,1020160,1/15360
3986,1020416,1/15360
3987,1020672,1/15360
3988,1020928,1/15360
3989,1021184,1/15360
3990,1021440,1/15360
3991,1021696,1/15360
3992,1021952,1/15360
3993,1022208,1/15360
3994,1022464,1/15360
3995,1022720,1/15360
3996,1022976,1/15360
3997,1023232,1/15360
3998,1023488,1/15360
3999,1023744,1/15360
4000,1024000,1/15360
4001,1024256,1/15360
4002,1024512,1/15360
4003,1024768,1/15360
4004,1025024,1/15360
4005,1025280,1/15360
4006,1025536,1/15360
4007,1025792,1/15360
4008,1026048,1/15360
4009,1026304,1/15360
4010,1026560,1/15360
4011,1026816,1/15360
4012,1027072,1/15360
4013,1027328,1/15360
4014,1027584,1/15360
4015,1027840,1/15360
4016,1028096,1/15360
4017,1028352,1/15360
4018,1028608,1/15360
4019,1028864,1/15360
4020,1029120,1/15360
4021,1029376,1/15360
4022,1029632,1/15360
4023,1029888,1/15360
4024,1030144,1/15360
4025,1030400,1/15360
4026,1030656,1/15360
4027,1030912,1/15360
4028,1031168,1/15360
4029,1031424,1/15360
4030,1031680,1/15360
4031,1031936,1/15360
4032,1032192,1/15360
4033,1032448,1/15360
4034,1032704,1/15360
4035,1032960,1/15360
4036,1033216,1/15360
4037,1033472,1/15360
4038,1033728,1/15360
4039,1033984,1/15360
4040,1034240,1/15360
4041,1034496,1/15360
4042,1034752,1/15360
4043,1035008,1/15360
4044,1035264,1/15360
4045,1035520,1/15360
4046,1035776,1/15360
4047,1036032,1/15360
4048,1036288,1/15360
4049,1036544,1/15360
4050,1036800,1/15360
4051,1037056,1/15360
4052,1037312,1/15360
4053,1037568,1/15360
4054,1037824,1/15360
4055,1038080,1/15360
4056,1038336,1/15360
4057,1038592,1/15360
4058,1038848,1/15360
4059,1039104,1/15360
4060,1039360,1/15360
4061,1039616,1/15360
4062,1039872,1/15360
4063,1040128,1/15360
4064,1040384,1/15360
4065,1040640,1/15360
4066,1040896,1/15360
4067,1041152,1/15360
4068,1041408,1/15360
4069,1041664,1/15360
4070,1041920,1/15360
4071,1042176,1/15360
4072,1042432,1/15360
4073,1042688,1/15360
4074,1042944,1/15360
4075,1043200,1/15360
4076,1043456,1/15360
4077,1043712,1/15360
4078,1043968,1/15360
4079,1044224,1/15360
4080,1044480,1/15360
4081,1044736,1/15360
4082,1044992,1/15360
4083,1045248,1/15360
4084,1045504,1/15360
4085,1045760,1/15360
4086,1046016,1/15360
4087,1046272,1/15360
4088,1046528,1/15360
4089,1046784,1/15360
4090,1047040,1/15360
4091,1047296,1/15360
4092,1047552,1/15360
4093,1047808,1/15360
4094,1048064,1/15360
4095,1048320,1/15360
4096,1048576,1/15360
4097,1048832,1/15360
4098,1049088,1/15360
4099,1049344,1/15360
4100,1049600,1/15360
4101,1049856,1/15360
4102,1050112,1/15360
4103,1050368,1/15360
4104,1050624,1/15360
4105,1050880,1/15360
4106,1051136,1/15360
4107,1051392,1/15360
4108,1051648,1/15360
4109,1051904,1/15360
4110,1052160,1/15360
4111,1052416,1/15360
4112,1052672,1/15360
4113,1052928,1/15360
4114,1053184,1/15360
4115,1053440,1/15360
4116,1053696,1/15360
4117,1053952,1/15360
4118,1054208,1/15360
4119,1054464,1/15360
4120,1054720,1/15360
4121,1054976,1/15360
4122,1055232,1/15360
4123,1055488,1/15360
4124,1055744,1/15360
4125,1056000,1/15360
4126,1056256,1/15360
4127,1056512,1/15360
4128,1056768,1/15360
4129,1057024,1/15360
4130,1057280,1/15360
4131,1057536,1/15360
4132,1057792,1/15360
4133,1058048,1/15360
4134,1058304,1/15360
4135,1058560,1/15360
4136,1058816,1/15360
4137,1059072,1/15360
4138,1059328,1/15360
4139,1059584,1/15360
4140,1059840,1/15360
4141,1060096,1/15360
4142,1060352,1/15360
4143,1060608,1/15360
4144,1060864,1/15360
4145,1061120,1/15360
4146,1061376,1/15360
4147,1061632,1/15360
4148,1061888,1/15360
4149,1062144,1/15360
4150,1062400,1/15360
4151,1062656,1/15360
4152,1062912,1/15360
4153,1063168,1/15360
4154,1063424,1/15360
4155,1063680,1/15360
4156,1063936,1/15360
4157,1064192,1/15360
4158,1064448,1/15360
4159,1064704,1/15360
4160,1064960,1/15360
4161,1065216,1/15360
4162,1065472,1/15360
4163,1065728,1/15360
4164,1065984,1/15360
4165,1066240,1/15360
4166,1066496,1/15360
4167,1066752,1/15360
4168,1067008,1/15360
4169,1067264,1/15360
4170,1067520,1/15360
4171,1067776,1/15360
4172,1068032,1/15360
4173,1068288,1/15360
4174,1068544,1/15360
4175,1068800,1/15360
4176,1069056,1/15360
4177,1069312,1/15360
4178,1069568,1/15360
4179,1069824,1/15360
4180,1070080,1/15360
4181,1070336,1/15360
4182,1070592,1/15360
4183,1070848,1/15360
4184,1071104,1/15360
4185,1071360,1/15360
4186,1071616,1/15360
4187,1071872,1/15360
4188,1072128,1/15360
4189,1072384,1/15360
4190,1072640,1/15360
4191,1072896,1/15360
4192,1073152,1/15360
4193,1073408,1/15360
4194,1073664,1/15360
4195,1073920,1/15360
4196,1074176,1/15360
4197,1074432,1/15360
4198,1074688,1/15360
4199,1074944,1/15360
4200,1075200,1/15360
4201,1075456,1/15360
4202,1075712,1/15360
4203,1075968,1/15360
4204,1076224,1/15360
4205,1076480,1/15360
4206,1076736,1/15360
4207,1076992,1/15360
4208,1077248,1/15360
4209,1077504,1/15360
4210,1077760,1/15360
4211,1078016,1/15360
4212,1078272,1/15360
4213,1078528,1/15360
4214,1078784,1/15360
4215,1079040,1/15360
4216,1079296,1/15360
4217,1079552,1/15360
4218,1079808,1/15360
4219,1080064,1/15360
4220,1080320,1/15360
4221,1080576,1/15360
4222,1080832,1/15360
4223,1081088,1/15360
4224,1081344,1/15360
4225,1081600,1/15360
4226,1081856,1/15360
4227,1082112,1/15360
4228,1082368,1/15360
4229,1082624,1/15360
4230,1082880,1/15360
4231,1083136,1/15360
4232,1083392,1/15360
4233,1083648,1/15360
4234,1083904,1/15360
4235,1084160,1/15360
4236,1084416,1/15360
4237,1084672,1/15360
4238,1084928,1/15360
4239,1085184,1/15360
4240,1085440,1/15360
4241,1085696,1/15360
4242,1085952,1/15360
4243,1086208,1/15360
4244,1086464,1/15360
4245,1086720,1/15360
4246,1086976,1/15360
4247,1087232,1/15360
4248,1087488,1/15360
4249,1087744,1/15360
4250,1088000,1/15360
4251,1088256,1/15360
4252,1088512,1/15360
4253,1088768,1/15360
4254,1089024,1/15360
4255,1089280,1/15360
4256,1089536,1/15360
4257,1089792,1/15360
4258,1090048,1/15360
4259,1090304,1/15360
4260,1090560,1/15360
4261,1090816,1/15360
4262,1091072,1/15360
4263,1091328,1/15360
4264,1091584,1/15360
4265,1091840,1/15360
4266,1092096,1/15360
4267,1092352,1/15360
4268,1092608,1/15360
4269,1092864,1/15360
4270,1093120,1/15360
4271,1093376,1/15360
4272,1093632,1/15360
4273,1093888,1/15360
4274,1094144,1/15360
4275,1094400,1/15360
4276,1094656,1/15360
4277,1094912,1/15360
4278,1095168,1/15360
4279,1095424,1/15360
4280,1095680,1/15360
4281,1095936,1/15360
4282,1096192,1/15360
4283,1096448,1/15360
4284,1096704,1/15360
4285,1096960,1/15360
4286,1097216,1/15360
4287,1097472,1/15360
4288,1097728,1/15360
4289,1097984,1/15360
4290,1098240,1/15360
4291,1098496,1/15360
4292,1098752,1/15360
4293,1099008,1/15360
4294,1099264,1/15360
4295,1099520,1/15360
4296,1099776,1/15360
4297,1100032,1/15360
4298,1100288,1/15360
4299,1100544,1/15360
4300,1100800,1/15360
4301,1101056,1/15360
4302,1101312,1/15360
4303,1101568,1/15360
4304,1101824,1/15360
4305,1102080,1/15360
4306,1102336,1/15360
4307,1102592,1/15360
4308,1102848,1/15360
4309,1103104,1/15360
4310,1103360,1/15360
4311,1103616,1/15360
4312,1103872,1/15360
4313,1104128,1/15360
4314,1104384,1/15360
4315,1104640,1/15360
4316,1104896,1/15360
4317,1105152,1/15360
4318,1105408,1/15360
4319,1105664,1/15360
4320,1105920,1/15360
4321,1106176,1/15360
4322,1106432,1/15360
4323,1106688,1/15360
4324,1106944,1/15360
4325,1107200,1/15360
4326,1107456,1/15360
4327,1107712,1/15360
4328,1107968,1/15360
4329,1108224,1/15360
4330,1108480,1/15360
4331,1108736,1/15360
4332,1108992,1/15360
4333,1109248,1/15360
4334,1109504,1/15360
4335,1109760,1/15360
4336,1110016,1/15360
4337,1110272,1/15360
4338,1110528,1/15360
4339,1110784,1/15360
4340,1111040,1/15360
4341,1111296,1/15360
4342,1111552,1/15360
4343,1111808,1/15360
4344,1112064,1/15360
4345,1112320,1/15360
4346,1112576,1/15360
4347,1112832,1/15360
4348,1113088,1/15360
4349,1113344,1/15360
4350,1113600,1/15360
4351,1113856,1/15360
4352,1114112,1/15360
4353,1114368,1/15360
4354,1114624,1/15360
4355,1114880,1/15360
4356,1115136,1/15360
4357,1115392,1/15360
4358,1115648,1/15360
4359,1115904,1/15360
4360,1116160,1/15360
4361,1116416,1/15360
4362,1116672,1/15360
4363,1116928,1/15360
4364,1117184,1/15360
4365,1117440,1/15360
4366,1117696,1/15360
4367,1117952,1/15360
4368,1118208,1/15360
4369,1118464,1/15360
4370,1118720,1/15360
4371,1118976,1/15360
4372,1119232,1/15360
4373,1119488,1/15360
4374,1119744,1/15360
4375,1120000,1/15360
4376,1120256,1/15360
4377,1120512,1/15360
4378,1120768,1/15360
4379,1121024,1/15360
4380,1121280,1/15360
4381,1121536,1/15360
4382,1121792,1/15360
4383,1122048,1/15360
4384,1122304,1/15360
4385,1122560,1/15360
4386,1122816,1/15360
4387,1123072,1/15360
4388,1123328,1/15360
4389,1123584,1/15360
4390,1123840,1/15360
4391,1124096,1/15360
4392,1124352,1/15360
4393,1124608,1/15360
4394,1124864,1/15360
4395,1125120,1/15360
4396,1125376,1/15360
4397,1125632,1/15360
4398,1125888,1/15360
4399,1126144,1/15360
4400,1126400,1/15360
4401,1126656,1/15360
4402,1126912,1/15360
4403,1127168,1/15360
4404,1127424,1/15360
4405,1127680,1/15360
4406,1127936,1/15360
4407,1128192,1/15360
4408,1128448,1/15360
4409,1128704,1/15360
4410,1128960,1/15360
4411,1129216,1/15360
4412,1129472,1/15360
4413,1129728,1/15360
4414,1129984,1/15360
4415,1130240,1/15360
4416,1130496,1/15360
4417,1130752,1/15360
4418,1131008,1/15360
4419,1131264,1/15360
4420,1131520,1/15360
4421,1131776,1/15360
4422,1132032,1/15360
4423,1132288,1/15360
4424,1132544,1/15360
4425,1132800,1/15360
4426,1133056,1/15360
4427,1133312,1/15360
4428,1133568,1/15360
4429,1133824,1/15360
4430,1134080,1/15360
4431,1134336,1/15360
4432,1134592,1/15360
4433,1134848,1/15360
4434,1135104,1/15360
4435,1135360,1/15360
4436,1135616,1/15360
4437,1135872,1/15360
4438,1136128,1/15360
4439,1136384,1/15360
4440,1136640,1/15360
4441,1136896,1/15360
4442,1137152,1/15360
4443,1137408,1/15360
4444,1137664,1/15360
4445,1137920,1/15360
4446,1138176,1/15360
4447,1138432,1/15360
4448,1138688,1/15360
4449,1138944,1/15360
4450,1139200,1/15360
4451,1139456,1/15360
4452,1139712,1/15360
4453,1139968,1/15360
4454,1140224,1/15360
4455,1140480,1/15360
4456,1140736,1/15360
4457,1140992,1/15360
4458,1141248,1/15360
4459,1141504,1/15360
4460,1141760,1/15360
4461,1142016,1/15360
4462,1142272,1/15360
4463,1142528,1/15360
4464,1142784,1/15360
4465,1143040,1/15360
4466,1143296,1/15360
4467,1143552,1/15360
4468,1143808,1/15360
4469,1144064,1/15360
4470,1144320,1/15360
4471,1144576,1/15360
4472,1144832,1/15360
4473,1145088,1/15360
4474,1145344,1/15360
4475,1145600,1/15360
4476,1145856,1/15360
4477,1146112,1/15360
4478,1146368,1/15360
4479,1146624,1/15360
4480,1146880,1/15360
4481,1147136,1/15360
4482,1147392,1/15360
4483,1147648,1/15360
4484,1147904,1/15360
4485,1148160,1/15360
4486,1148416,1/15360
4487,1148672,1/15360
4488,1148928,1/15360
4489,1149184,1/15360
4490,1149440,1/15360
4491,1149696,1/15360
4492,1149952,1/15360
4493,1150208,1/15360
4494,1150464,1/15360
4495,1150720,1/15360
4496,1150976,1/15360
4497,1151232,1/15360
4498,1151488,1/15360
4499,1151744,1/15360
4500,1152000,1/15360
4501,1152256,1/15360
4502,1152512,1/15360
4503,1152768,1/15360
4504,1153024,1/15360
4505,1153280,1/15360
4506,1153536,1/15360
4507,1153792,1/15360
4508,1154048,1/15360
4509,1154304,1/15360
4510,1154560,1/15360
4511,1154816,1/15360
4512,1155072,1/15360
4513,1155328,1/15360
4514,1155584,1/15360
4515,1155840,1/15360
4516,1156096,1/15360
4517,1156352,1/15360
4518,1156608,1/15360
4519,1156864,1/15360
4520,1157120,1/15360
4521,1157376,1/15360
4522,1157632,1/15360
4523,1157888,1/15360
4524,1158144,1/15360
4525,1158400,1/15360
4526,1158656,1/15360
4527,1158912,1/15360
4528,1159168,1/15360
4529,1159424,1/15360
4530,1159680,1/15360
4531,1159936,1/15360
4532,1160192,1/15360
4533,1160448,1/15360
4534,1160704,1/15360
4535,1160960,1/15360
4536,1161216,1/15360
4537,1161472,1/15360
4538,1161728,1/15360
4539,1161984,1/15360
4540,1162240,1/15360
4541,1162496,1/15360
4542,1162752,1/15360
4543,1163008,1/15360
4544,1163264,1/15360
4545,1163520,1/15360
4546,1163776,1/15360
4547,1164032,1/15360
4548,1164288,1/15360
4549,1164544,1/15360
4550,1164800,1/15360
4551,1165056,1/15360
4552,1165312,1/15360
4553,1165568,1/15360
4554,1165824,1/15360
4555,1166080,1/15360
4556,1166336,1/15360
4557,1166592,1/15360
4558,1166848,1/15360
4559,1167104,1/15360
4560,1167360,1/15360
4561,1167616,1/15360
4562,1167872,1/15360
4563,1168128,1/15360
4564,1168384,1/15360
4565,1168640,1/15360
4566,1168896,1/15360
4567,1169152,1/15360
4568,1169408,1/15360
4569,1169664,1/15360
4570,1169920,1/15360
4571,1170176,1/15360
4572,1170432,1/15360
4573,1170688,1/15360
4574,1170944,1/15360
4575,1171200,1/15360
4576,1171456,1/15360
4577,1171712,1/15360
4578,1171968,1/15360
4579,1172224,1/15360
4580,1172480,1/15360
4581,1172736,1/15360
4582,1172992,1/15360
4583,1173248,1/15360
4584,1173504,1/15360
4585,1173760,1/15360
4586,1174016,1/15360
4587,1174272,1/15360
4588,1174528,1/15360
4589,1174784,1/15360
4590,1175040,1/15360
4591,1175296,1/15360
4592,1175552,1/15360
4593,1175808,1/15360
4594,1176064,1/15360
4595,1176320,1/15360
4596,1176576,1/15360
4597,1176832,1/15360
4598,1177088,1/15360
4599,1177344,1/15360
4600,1177600,1/15360
4601,1177856,1/15360
4602,1178112,1/15360
4603,1178368,1/15360
4604,1178624,1/15360
4605,1178880,1/15360
4606,1179136,1/15360
4607,1179392,1/15360
4608,1179648,1/15360
4609,1179904,1/15360
4610,1180160,1/15360
4611,1180416,1/15360
4612,1180672,1/15360
4613,1180928,1/15360
4614,1181184,1/15360
4615,1181440,1/15360
4616,1181696,1/15360
4617,1181952,1/15360
4618,1182208,1/15360
4619,1182464,1/15360
4620,1182720,1/15360
4621,1182976,1/15360
4622,1183232,1/15360
4623,1183488,1/15360
4624,1183744,1/15360
4625,1184000,1/15360
4626,1184256,1/15360
4627,1184512,1/15360
4628,1184768,1/15360
4629,1185024,1/15360
4630,1185280,1/15360
4631,1185536,1/15360
4632,1185792,1/15360
4633,1186048,1/15360
4634,1186304,1/15360
4635,1186560,1/15360
4636,1186816,1/15360
4637,1187072,1/15360
4638,1187328,1/15360
4639,1187584,1/15360
4640,1187840,1/15360
4641,1188096,1/15360
4642,1188352,1/15360
4643,1188608,1/15360
4644,1188864,1/15360
4645,1189120,1/15360
4646,1189376,1/15360
4647,1189632,1/15360
4648,1189888,1/15360
4649,1190144,1/15360
4650,1190400,1/15360
4651,1190656,1/15360
4652,1190912,1/15360
4653,1191168,1/15360
4654,1191424,1/15360
4655,1191680,1/15360
4656,1191936,1/15360
4657,1192192,1/15360
4658,1192448,1/15360
4659,1192704,1/15360
4660,1192960,1/15360
4661,1193216,1/15360
4662,1193472,1/15360
4663,1193728,1/15360
4664,1193984,1/15360
4665,1194240,1/15360
4666,1194496,1/15360
4667,1194752,1/15360
4668,1195008,1/15360
4669,1195264,1/15360
4670,1195520,1/15360
4671,1195776,1/15360
4672,1196032,1/15360
4673,1196288,1/15360
4674,1196544,1/15360
4675,1196800,1/15360
4676,1197056,1/15360
4677,1197312,1/15360
4678,1197568,1/15360
4679,1197824,1/15360
4680,1198080,1/15360
4681,1198336,1/15360
4682,1198592,1/15360
4683,1198848,1/15360
4684,1199104,1/15360
4685,1199360,1/15360
4686,1199616,1/15360
4687,1199872,1/15360
4688,1200128,1/15360
4689,1200384,1/15360
4690,1200640,1/15360
4691,1200896,1/15360
4692,1201152,1/15360
4693,1201408,1/15360
4694,1201664,1/15360
4695,1201920,1/15360
4696,1202176,1/15360
4697,1202432,1/15360
4698,1202688,1/15360
4699,1202944,1/15360
4700,1203200,1/15360
4701,1203456,1/15360
4702,1203712,1/15360
4703,1203968,1/15360
4704,1204224,1/15360
4705,1204480,1/15360
4706,1204736,1/15360
4707,1204992,1/15360
4708,1205248,1/15360
4709,1205504,1/15360
4710,1205760,1/15360
4711,1206016,1/15360
4712,1206272,1/15360
4713,1206528,1/15360
4714,1206784,1/15360
4715,1207040,1/15360
4716,1207296,1/15360
4717,1207552,1/15360
4718,1207808,1/15360
4719,1208064,1/15360
4720,1208320,1/15360
4721,1208576,1/15360
4722,1208832,1/15360
4723,1209088,1/15360
4724,1209344,1/15360
4725,1209600,1/15360
4726,1209856,1/15360
4727,1210112,1/15360
4728,1210368,1/15360
4729,1210624,1/15360
4730,1210880,1/15360
4731,1211136,1/15360
4732,1211392,1/15360
4733,1211648,1/15360
4734,1211904,1/15360
4735,1212160,1/15360
4736,1212416,1/15360
4737,1212672,1/15360
4738,1212928,1/15360
4739,1213184,1/15360
4740,1213440,1/15360
4741,1213696,1/15360
4742,1213952,1/15360
4743,1214208,1/15360
4744,1214464,1/15360
4745,1214720,1/15360
4746,1214976,1/15360
4747,1215232,1/15360
4748,1215488,1/15360
4749,1215744,1/15360
4750,1216000,1/15360
4751,1216256,1/15360
4752,1216512,1/15360
4753,1216768,1/15360
4754,1217024,1/15360
4755,1217280,1/15360
4756,1217536,1/15360
4757,1217792,1/15360
4758,1218048,1/15360
4759,1218304,1/15360
4760,1218560,1/15360
4761,1218816,1/15360
4762,1219072,1/15360
4763,1219328,1/15360
4764,1219584,1/15360
4765,1219840,1/15360
4766,1220096,1/15360
4767,1220352,1/15360
4768,1220608,1/15360
4769,1220864,1/15360
4770,1221120,1/15360
4771,1221376,1/15360
4772,1221632,1/15360
4773,1221888,1/15360
4774,1222144,1/15360
4775,1222400,1/15360
4776,1222656,1/15360
4777,1222912,1/15360
4778,1223168,1/15360
4779,1223424,1/15360
4780,1223680,1/15360
4781,1223936,1/15360
4782,1224192,1/15360
4783,1224448,1/15360
4784,1224704,1/15360
4785,1224960,1/15360
4786,1225216,1/15360
4787,1225472,1/15360
4788,1225728,1/15360
4789,1225984,1/15360
4790,1226240,1/15360
4791,1226496,1/15360
4792,1226752,1/15360
4793,1227008,1/15360
4794,1227264,1/15360
4795,1227520,1/15360
4796,1227776,1/15360
4797,1228032,1/15360
4798,1228288,1/15360
4799,1228544,1/15360
4800,1228800,1/15360
4801,1229056,1/15360
4802,1229312,1/15360
4803,1229568,1/15360
4804,1229824,1/15360
4805,1230080,1/15360
4806,1230336,1/15360
4807,1230592,1/15360
4808,1230848,1/15360
4809,1231104,1/15360
4810,1231360,1/15360
4811,1231616,1/15360
4812,1231872,1/15360
4813,1232128,1/15360
4814,1232384,1/15360
4815,1232640,1/15360
4816,1232896,1/15360
4817,1233152,1/15360
4818,1233408,1/15360
4819,1233664,1/15360
4820,1233920,1/15360
4821,1234176,1/15360
4822,1234432,1/15360
4823,1234688,1/15360
4824,1234944,1/15360
4825,1235200,1/15360
4826,1235456,1/15360
4827,1235712,1/15360
4828,1235968,1/15360
4829,1236224,1/15360
4830,1236480,1/15360
4831,1236736,1/15360
4832,1236992,1/15360
4833,1237248,1/15360
4834,1237504,1/15360
4835,1237760,1/15360
4836,1238016,1/15360
4837,1238272,1/15360
4838,1238528,1/15360
4839,1238784,1/15360
4840,1239040,1/15360
4841,1239296,1/15360
4842,1239552,1/15360
4843,1239808,1/15360
4844,1240064,1/15360
4845,1240320,1/15360
4846,1240576,1/15360
4847,1240832,1/15360
4848,1241088,1/15360
4849,1241344,1/15360
4850,1241600,1/15360
4851,1241856,1/15360
4852,1242112,1/15360
4853,1242368,1/15360
4854,1242624,1/15360
4855,1242880,1/15360
4856,1243136,1/15360
4857,1243392,1/15360
4858,1243648,1/15360
4859,1243904,1/15360
4860,1244160,1/15360
4861,1244416,1/15360
4862,1244672,1/15360
4863,1244928,1/15360
4864,1245184,1/15360
4865,1245440,1/15360
4866,1245696,1/15360
4867,1245952,1/15360
4868,1246208,1/15360
4869,1246464,1/15360
4870,1246720,1/15360
4871,1246976,1/15360
4872,1247232,1/15360
4873,1247488,1/15360
4874,1247744,1/15360
4875,1248000,1/15360
4876,1248256,1/15360
4877,1248512,1/15360
4878,1248768,1/15360
4879,1249024,1/15360
4880,1249280,1/15360
4881,1249536,1/15360
4882,1249792,1/15360
4883,1250048,1/15360
4884,1250304,1/15360
4885,1250560,1/15360
4886,1250816,1/15360
4887,1251072,1/15360
4888,1251328,1/15360
4889,1251584,1/15360
4890,1251840,1/15360
4891,1252096,1/15360
4892,1252352,1/15360
4893,1252608,1/15360
4894,1252864,1/15360
4895,1253120,1/15360
4896,1253376,1/15360
4897,1253632,1/15360
4898,1253888,1/15360
4899,1254144,1/15360
4900,1254400,1/15360
4901,1254656,1/15360
4902,1254912,1/15360
4903,1255168,1/15360
4904,1255424,1/15360
4905,1255680,1/15360
4906,1255936,1/15360
4907,1256192,1/15360
4908,1256448,1/15360
4909,1256704,1/15360
4910,1256960,1/15360
4911,1257216,1/15360
4912,1257472,1/15360
4913,1257728,1/15360
4914,1257984,1/15360
4915,1258240,1/15360
4916,1258496,1/15360
4917,1258752,1/15360
4918,1259008,1/15360
4919,1259264,1/15360
4920,1259520,1/15360
4921,1259776,1/15360
4922,1260032,1/15360
4923,1260288,1/15360
4924,1260544,1/15360
4925,1260800,1/15360
4926,1261056,1/15360
4927,1261312,1/15360
4928,1261568,1/15360
4929,1261824,1/15360
4930,1262080,1/15360
4931,1262336,1/15360
4932,1262592,1/15360
4933,1262848,1/15360
4934,1263104,1/15360
4935,1263360,1/15360
4936,1263616,1/15360
4937,1263872,1/15360
4938,1264128,1/15360
4939,1264384,1/15360
4940,1264640,1/15360
4941,1264896,1/15360
4942,1265152,1/15360
4943,1265408,1/15360
4944,1265664,1/15360
4945,1265920,1/15360
4946,1266176,1/15360
4947,1266432,1/15360
4948,1266688,1/15360
4949,1266944,1/15360
4950,1267200,1/15360
4951,1267456,1/15360
4952,1267712,1/15360
4953,1267968,1/15360
4954,1268224,1/15360
4955,1268480,1/15360
4956,1268736,1/15360
4957,1268992,1/15360
4958,1269248,1/15360
4959,1269504,1/15360
4960,1269760,1/15360
4961,1270016,1/15360
4962,1270272,1/15360
4963,1270528,1/15360
4964,1270784,1/15360
4965,1271040,1/15360
4966,1271296,1/15360
4967,1271552,1/15360
4968,1271808,1/15360
4969,1272064,1/15360
4970,1272320,1/15360
4971,1272576,1/15360
4972,1272832,1/15360
4973,1273088,1/15360
4974,1273344,1/15360
4975,1273600,1/15360
4976,1273856,1/15360
4977,1274112,1/15360
4978,1274368,1/15360
4979,1274624,1/15360
4980,1274880,1/15360
4981,1275136,1/15360
4982,1275392,1/15360
4983,1275648,1/15360
4984,1275904,1/15360
4985,1276160,1/15360
4986,1276416,1/15360
4987,1276672,1/15360
4988,1276928,1/15360
4989,1277184,1/15360
4990,1277440,1/15360
4991,1277696,1/15360
4992,1277952,1/15360
4993,1278208,1/15360
4994,1278464,1/15360
4995,1278720,1/15360
4996,1278976,1/15360
4997,1279232,1/15360
4998,1279488,1/15360
4999,1279744,1/15360
5000,1280000,1/15360
5001,1280256,1/15360
5002,1280512,1/15360
5003,1280768,1/15360
5004,1281024,1/15360
5005,1281280,1/15360
5006,1281536,1/15360
5007,1281792,1/15360
5008,1282048,1/15360
5009,1282304,1/15360
5010,1282560,1/15360
5011,1282816,1/15360
5012,1283072,1/15360
5013,1283328,1/15360
5014,1283584,1/15360
5015,1283840,1/15360
5016,1284096,1/15360
5017,1284352,1/15360
5018,1284608,1/15360
5019,1284864,1/15360
5020,1285120,1/15360
5021,1285376,1/15360
5022,1285632,1/15360
5023,1285888,1/15360
5024,1286144,1/15360
5025,1286400,1/15360
5026,1286656,1/15360
5027,1286912,1/15360
5028,1287168,1/15360
5029,1287424,1/15360
5030,1287680,1/15360
5031,1287936,1/15360
5032,1288192,1/15360
5033,1288448,1/15360
5034,1288704,1/15360
5035,1288960,1/15360
5036,1289216,1/15360
5037,1289472,1/15360
5038,1289728,1/15360
5039,1289984,1/15360
5040,1290240,1/15360
5041,1290496,1/15360
5042,1290752,1/15360
5043,1291008,1/15360
5044,1291264,1/15360
5045,1291520,1/15360
5046,1291776,1/15360
5047,1292032,1/15360
5048,1292288,1/15360
5049,1292544,1/15360
5050,1292800,1/15360
5051,1293056,1/15360
5052,1293312,1/15360
5053,1293568,1/15360
5054,1293824,1/15360
5055,1294080,1/15360
5056,1294336,1/15360
5057,1294592,1/15360
5058,1294848,1/15360
5059,1295104,1/15360
5060,1295360,1/15360
5061,1295616,1/15360
5062,1295872,1/15360
5063,1296128,1/15360
5064,1296384,1/15360
5065,1296640,1/15360
5066,1296896,1/15360
5067,1297152,1/15360
5068,1297408,1/15360
5069,1297664,1/15360
5070,1297920,1/15360
5071,1298176,1/15360
5072,1298432,1/15360
5073,1298688,1/15360
5074,1298944,1/15360
5075,1299200,1/15360
5076,1299456,1/15360
5077,1299712,1/15360
5078,1299968,1/15360
5079,1300224,1/15360
5080,1300480,1/15360
5081,1300736,1/15360
5082,1300992,1/15360
5083,1301248,1/15360
5084,1301504,1/15360
5085,1301760,1/15360
5086,1302016,1/15360
5087,1302272,1/15360
5088,1302528,1/15360
5089,1302784,1/15360
5090,1303040,1/15360
5091,1303296,1/15360
5092,1303552,1/15360
5093,1303808,1/15360
5094,1304064,1/15360
5095,1304320,1/15360
5096,1304576,1/15360
5097,1304832,1/15360
5098,1305088,1/15360
5099,1305344,1/15360
5100,1305600,1/15360
5101,1305856,1/15360
5102,1306112,1/15360
5103,1306368,1/15360
5104,1306624,1/15360
5105,1306880,1/15360
5106,1307136,1/15360
5107,1307392,1/15360
5108,1307648,1/15360
5109,1307904,1/15360
5110,1308160,1/15360
5111,1308416,1/15360
5112,1308672,1/15360
5113,1308928,1/15360
5114,1309184,1/15360
5115,1309440,1/15360
5116,1309696,1/15360
5117,1309952,1/15360
5118,1310208,1/15360
5119,1310464,1/15360
5120,1310720,1/15360
5121,1310976,1/15360
5122,1311232,1/15360
5123,1311488,1/15360
5124,1311744,1/15360
5125,1312000,1/15360
5126,1312256,1/15360
5127,1312512,1/15360
5128,1312768,1/15360
5129,1313024,1/15360
5130,1313280,1/15360
5131,1313536,1/15360
5132,1313792,1/15360
5133,1314048,1/15360
5134,1314304,1/15360
5135,1314560,1/15360
5136,1314816,1/15360
5137,1315072,1/15360
5138,1315328,1/15360
5139,1315584,1/15360
5140,1315840,1/15360
5141,1316096,1/15360
5142,1316352,1/15360
5143,1316608,1/15360
5144,1316864,1/15360
5145,1317120,1/15360
5146,1317376,1/15360
5147,1317632,1/15360
5148,1317888,1/15360
5149,1318144,1/15360
5150,1318400,1/15360
5151,1318656,1/15360
5152,1318912,1/15360
5153,1319168,1/15360
5154,1319424,1/15360
5155,1319680,1/15360
5156,1319936,1/15360
5157,1320192,1/15360
5158,1320448,1/15360
5159,1320704,1/15360
5160,1320960,1/15360
5161,1321216,1/15360
5162,1321472,1/15360
5163,1321728,1/15360
5164,1321984,1/15360
5165,1322240,1/15360
5166,1322496,1/15360
5167,1322752,1/15360
5168,1323008,1/15360
5169,1323264,1/15360
5170,1323520,1/15360
5171,1323776,1/15360
5172,1324032,1/15360
5173,1324288,1/15360
5174,1324544,1/15360
5175,1324800,1/15360
5176,1325056,1/15360
5177,1325312,1/15360
5178,1325568,1/15360
5179,1325824,1/15360
5180,1326080,1/15360
5181,1326336,1/15360
5182,1326592,1/15360
5183,1326848,1/15360
5184,1327104,1/15360
5185,1327360,1/15360
5186,1327616,1/15360
5187,1327872,1/15360
5188,1328128,1/15360
5189,1328384,1/15360
5190,1328640,1/15360
5191,1328896,1/15360
5192,1329152,1/15360
5193,1329408,1/15360
5194,1329664,1/15360
5195,1329920,1/15360
5196,1330176,1/15360
5197,1330432,1/15360
5198,1330688,1/15360
5199,1330944,1/15360
5200,1331200,1/15360
5201,1331456,1/15360
5202,1331712,1/15360
5203,1331968,1/15360
5204,1332224,1/15360
5205,1332480,1/15360
5206,1332736,1/15360
5207,1332992,1/15360
5208,1333248,1/15360
5209,1333504,1/15360
5210,1333760,1/15360
5211,1334016,1/15360
5212,1334272,1/15360
5213,1334528,1/15360
5214,1334784,1/15360
5215,1335040,1/15360
5216,1335296,1/15360
